Div,Date,Time,HomeTeam,AwayTeam,FTHG,FTAG,FTR,HTHG,HTAG,HTR,HS,AS,HST,AST,HF,AF,HC,AC,HY,AY,HR,AR,B365H,B365D,B365A,BWH,BWD,BWA,BFH,BFD,BFA,PSH,PSD,PSA,WHH,WHD,WHA,1XBH,1XBD,1XBA,MaxH,MaxD,MaxA,AvgH,AvgD,AvgA,BFEH,BFED,BFEA,B365>2.5,B365<2.5,P>2.5,P<2.5,Max>2.5,Max<2.5,Avg>2.5,Avg<2.5,BFE>2.5,BFE<2.5,AHh,B365AHH,B365AHA,PAHH,PAHA,MaxAHH,MaxAHA,AvgAHH,AvgAHA,BFEAHH,BFEAHA,B365CH,B365CD,B365CA,BWCH,BWCD,BWCA,BFCH,BFCD,BFCA,PSCH,PSCD,PSCA,WHCH,WHCD,WHCA,1XBCH,1XBCD,1XBCA,MaxCH,MaxCD,MaxCA,AvgCH,AvgCD,AvgCA,BFECH,BFECD,BFECA,B365C>2.5,B365C<2.5,PC>2.5,PC<2.5,MaxC>2.5,MaxC<2.5,AvgC>2.5,AvgC<2.5,BFEC>2.5,BFEC<2.5,AHCh,B365CAHH,B365CAHA,PCAHH,PCAHA,MaxCAHH,MaxCAHA,AvgCAHH,AvgCAHA,BFECAHH,BFECAHA
N1,09/08/2024,19:00,Groningen,NAC Breda,4,1,H,3,0,H,17,7,9,3,7,7,8,1,1,3,0,1,1.62,4,5.5,1.62,4.1,5,1.6,4,5.5,1.63,4.03,5.66,1.57,4.2,5,1.63,4.25,4.94,1.64,4.25,5.7,1.61,4.06,5.33,1.65,4.3,6,1.62,2.25,1.67,2.31,1.68,2.38,1.62,2.27,1.71,2.36,-1,2.06,1.84,2.07,1.85,2.07,1.86,2.02,1.83,2.07,1.87,1.67,3.8,5.25,1.66,3.9,5,1.57,3.75,5,1.68,3.81,5.54,1.6,4.2,5,1.7,3.88,5.36,1.7,4.2,5.54,1.65,3.89,5.18,1.68,4.1,5.9,1.75,2.05,1.81,2.09,1.9,2.27,1.74,2.1,1.84,2.16,-0.75,1.87,2.03,1.88,2.03,1.9,2.06,1.83,2,1.86,2.13
N1,10/08/2024,15:30,Feyenoord,Willem II,1,1,D,1,0,H,21,2,7,1,8,21,14,3,1,4,0,0,1.13,8,21,1.14,9.25,17.5,1.1,10.5,19,1.11,10.39,16.88,1.1,8.5,21,1.13,8.6,20,1.14,11,22,1.12,9.35,18.53,1.14,11,28,1.36,3.1,1.36,3.12,1.41,3.17,1.37,2.98,1.41,3.15,-2.25,1.88,2.02,1.87,1.99,1.95,2.02,1.88,1.94,1.87,2,1.13,8.5,21,1.12,9.75,20,1.08,10.5,21,1.12,10.52,20.34,1.08,9.5,23,1.14,9.25,23,1.14,12,23,1.11,9.61,20.51,1.14,11,24,1.33,3.4,1.34,3.38,1.36,3.41,1.33,3.25,1.38,3.5,-2.5,2.03,1.87,2.03,1.86,2.08,1.94,1.98,1.85,2.1,1.86
N1,10/08/2024,17:45,Nijmegen,Twente,1,2,A,1,1,D,12,15,2,5,5,6,7,5,0,0,0,0,3.75,3.6,1.95,3.5,3.75,1.98,3.6,3.7,1.95,3.7,3.74,1.94,3.6,3.7,1.91,3.73,3.56,1.99,3.8,3.84,2.02,3.63,3.66,1.97,3.8,3.95,2.02,1.67,2.15,1.68,2.21,1.76,2.27,1.68,2.15,1.73,2.24,0.5,1.89,2.01,1.91,1.96,1.91,2.05,1.87,1.97,1.93,2.02,3.1,3.4,2.3,3.2,3.6,2.15,3,3.4,2.1,3.13,3.61,2.29,3.1,3.5,2.15,3.16,3.47,2.34,3.4,3.7,2.34,3.16,3.52,2.2,3.35,3.75,2.28,1.7,2.1,1.73,2.2,1.73,2.26,1.69,2.16,1.75,2.3,0.25,1.9,2,1.91,2,2,2,1.91,1.91,2,1.97
N1,10/08/2024,19:00,Almere City,AZ Alkmaar,0,1,A,0,1,A,7,6,2,3,13,9,2,8,1,2,2,1,5.75,4,1.6,5,4.2,1.61,5.5,4,1.55,5.42,4.18,1.58,5,4.2,1.57,5.15,4.25,1.61,5.75,4.4,1.63,5.37,4.18,1.58,6,4.4,1.63,1.7,2.1,1.71,2.16,1.75,2.22,1.69,2.13,1.74,2.22,1,1.85,2.05,1.85,2.02,1.87,2.07,1.83,2,1.88,2.04,5.25,3.7,1.7,4.6,3.9,1.71,4.75,3.5,1.67,4.99,3.84,1.74,4.6,3.8,1.7,5.54,3.76,1.71,5.54,4,1.93,4.84,3.8,1.72,5.4,3.85,1.78,1.85,2,1.88,2,1.99,2.07,1.83,1.97,1.91,2.08,0.75,1.93,1.97,1.94,1.96,2,1.97,1.92,1.9,1.97,2
N1,10/08/2024,20:00,PSV Eindhoven,Waalwijk,5,1,H,3,0,H,19,8,12,4,4,8,7,3,0,0,0,0,1.09,11,21,1.11,11,19.5,1.07,12,26,1.09,11.96,20.83,1.08,9.5,23,1.1,10.5,23,1.12,13,27,1.09,10.89,21.72,1.12,12.5,24,1.29,3.6,1.26,3.91,1.31,3.95,1.26,3.68,1.29,3.9,-2.5,1.82,2.08,1.85,2.01,1.9,2.08,1.83,1.99,1.82,1.94,1.07,13,21,1.08,13,26,1.05,12,26,1.08,14.11,26.3,1.05,12,26,1.08,15.7,25,1.12,16,31,1.07,13.04,24.9,1.1,14.5,38,1.14,5.5,1.12,6.51,1.18,6.51,1.15,5.36,1.17,6.2,-3,1.91,1.99,1.87,2,1.97,2,1.89,1.94,1.95,2.02
N1,11/08/2024,11:15,Sparta Rotterdam,Heracles,0,0,D,0,0,D,9,10,1,2,12,14,3,4,1,1,0,0,1.5,4.5,6,1.5,4.6,5.75,1.44,4.6,6,1.5,4.44,6.09,1.5,4.6,5.8,1.51,4.65,5.75,1.53,4.75,6.3,1.5,4.58,5.88,1.52,4.8,6.2,1.5,2.5,1.55,2.5,1.57,2.57,1.52,2.48,1.54,2.56,-1,1.82,2.08,1.81,2.06,1.85,2.09,1.8,2.03,1.8,2.06,1.38,5,7.5,1.39,5,7.5,1.36,5,7.5,1.39,5.18,8,1.36,5,7,1.43,5.13,7.44,1.43,5.35,8,1.38,5.07,7.44,1.42,5.5,8.2,1.44,2.7,1.46,2.83,1.53,2.83,1.47,2.66,1.51,2.92,-1.5,2.05,1.85,2.02,1.88,2.13,1.88,2.04,1.81,2.1,1.88
N1,11/08/2024,13:30,Go Ahead Eagles,For Sittard,0,2,A,0,0,D,18,13,4,4,13,10,6,3,1,1,0,0,2,3.4,3.9,2,3.6,3.6,2,3.5,3.6,1.99,3.54,3.75,1.95,3.6,3.6,2.01,3.54,3.68,2.04,3.65,3.9,2,3.52,3.65,2.06,3.65,3.95,1.85,2,1.83,2.01,1.9,2.05,1.84,1.96,1.86,2.02,-0.5,2.05,1.85,2,1.85,2.07,1.87,2.01,1.83,2.06,1.91,2.1,3.3,3.6,2.05,3.5,3.5,2,3.25,3.5,2.14,3.43,3.65,2,3.5,3.5,2.11,3.38,3.82,2.14,3.64,3.95,2.04,3.45,3.62,2.14,3.55,3.85,1.93,1.93,1.91,1.98,1.99,2.07,1.84,1.96,1.95,2.02,-0.5,2.08,1.73,2.14,1.78,2.14,1.92,2.02,1.81,2.14,1.86
N1,11/08/2024,13:30,Utrecht,Zwolle,1,0,H,1,0,H,9,5,2,1,18,10,2,1,0,3,0,0,1.45,4.5,7,1.47,4.75,6.25,1.4,4.6,7,1.44,4.79,6.44,1.44,4.75,6,1.45,4.75,6.6,1.47,5,7,1.44,4.72,6.51,1.47,5,7.2,1.57,2.35,1.58,2.4,1.62,2.45,1.57,2.37,1.6,2.42,-1.25,2,1.9,1.98,1.88,2.01,1.91,1.96,1.85,1.98,1.88,1.53,4.2,6,1.52,4.5,5.75,1.44,4.2,5.5,1.5,4.61,6.51,1.44,4.6,6,1.56,4.31,6.37,1.56,4.7,6.7,1.5,4.49,6.01,1.57,4.7,6.4,1.57,2.35,1.59,2.47,1.62,2.47,1.57,2.38,1.62,2.56,-1,1.87,2.03,1.79,2.12,1.88,2.12,1.81,2.04,1.92,2.05
N1,11/08/2024,15:45,Ajax,Heerenveen,1,0,H,1,0,H,12,7,4,2,10,8,5,2,0,2,0,0,1.45,4.5,6.5,1.49,4.8,5.75,1.4,4.75,6.5,1.45,4.97,5.94,1.44,4.8,5.8,1.48,4.75,6.05,1.51,5.2,6.5,1.46,4.83,5.99,1.48,5.3,6.8,1.4,2.88,1.41,2.93,1.43,3.07,1.4,2.85,1.45,2.94,-1.25,1.99,1.91,1.96,1.89,2.02,1.92,1.95,1.86,1.96,1.93,1.4,4.75,7,1.44,5,6,1.36,5,7,1.41,5.2,7.19,1.36,5,6.5,1.43,4.99,7.62,1.44,5.3,7.62,1.4,5.03,6.92,1.46,5.3,7.4,1.36,3.1,1.38,3.18,1.38,3.41,1.36,3.08,1.42,3.25,-1.25,1.85,2.05,1.85,2.06,1.87,2.1,1.82,2.01,1.94,2.03
N1,16/08/2024,19:00,For Sittard,Almere City,3,0,H,1,0,H,20,8,9,4,8,12,9,3,2,3,0,0,1.8,3.6,4.5,1.8,3.6,4.4,1.75,3.6,4.6,1.82,3.71,4.62,1.75,3.7,4.4,1.81,3.72,4.35,1.83,3.8,4.62,1.79,3.67,4.44,1.83,3.8,4.9,2,1.85,1.99,1.9,2.04,1.92,1.94,1.86,2.04,1.93,-0.75,2.05,1.85,2.08,1.84,2.11,1.87,2.02,1.81,2.08,1.87,1.8,3.6,4.5,1.77,3.6,4.5,1.73,3.6,4.75,1.81,3.69,4.67,1.7,3.7,4.75,1.8,3.7,4.88,1.84,3.84,5,1.77,3.68,4.65,1.85,3.8,5,2.03,1.83,2.03,1.86,2.13,1.9,1.98,1.82,2.08,1.9,-0.75,2.07,1.83,2.07,1.85,2.12,1.88,2,1.84,2.1,1.88
N1,17/08/2024,15:30,Heerenveen,Utrecht,1,1,D,0,1,A,21,6,7,4,15,8,6,4,4,2,0,0,2.63,3.5,2.6,2.6,3.6,2.5,2.63,3.5,2.5,2.65,3.56,2.56,2.6,3.8,2.4,2.66,3.56,2.51,2.7,3.85,2.6,2.64,3.57,2.52,2.7,3.75,2.58,1.62,2.25,1.65,2.26,1.68,2.38,1.62,2.28,1.67,2.3,0,1.99,1.91,1.97,1.9,2,1.92,1.97,1.88,2.02,1.91,3,3.5,2.3,2.9,3.5,2.3,2.8,3.4,2.38,3.06,3.55,2.35,2.8,3.6,2.3,3.07,3.58,2.35,3.07,3.65,2.4,2.92,3.51,2.35,3.1,3.65,2.42,1.67,2.15,1.69,2.25,1.77,2.33,1.66,2.22,1.74,2.3,0.25,1.87,2.03,1.87,2.04,1.89,2.08,1.82,2.01,1.9,2.09
N1,17/08/2024,17:45,Twente,Sparta Rotterdam,1,1,D,0,0,D,21,11,3,3,7,8,5,4,1,0,0,0,1.5,4.5,6,1.5,4.5,6,1.5,4.4,5.5,1.51,4.49,5.83,1.44,4.6,6,1.51,4.55,5.9,1.54,4.7,6,1.51,4.49,5.8,1.54,4.7,6.2,1.57,2.35,1.61,2.37,1.63,2.45,1.58,2.34,1.6,2.36,-1,1.84,2.06,1.85,2.03,1.86,2.08,1.82,2.01,1.84,2.04,1.62,4.1,5,1.63,4.2,5,1.6,4,5,1.64,4.14,5.38,1.57,4.2,5,1.65,4.23,5.34,1.66,4.4,5.53,1.62,4.15,5.11,1.67,4.3,5.7,1.62,2.25,1.66,2.32,1.7,2.36,1.63,2.27,1.68,2.44,-1,2.06,1.84,2.09,1.83,2.11,1.86,2.05,1.81,2.09,1.88
N1,17/08/2024,19:00,AZ Alkmaar,Nijmegen,1,0,H,1,0,H,16,8,6,1,11,10,4,6,2,2,0,0,1.48,4.5,6.25,1.47,4.75,6,1.44,4.5,6,1.47,4.65,6.1,1.44,4.75,6,1.48,4.65,6.2,1.5,4.9,6.4,1.47,4.66,6.14,1.49,4.9,6.6,1.57,2.35,1.59,2.4,1.62,2.45,1.58,2.36,1.63,2.4,-1.25,2.07,1.83,2.06,1.83,2.11,1.85,2.02,1.81,2.06,1.85,1.5,4.5,6.25,1.49,4.6,6.25,1.47,4.4,6,1.51,4.53,6.51,1.44,4.6,6,1.51,4.58,6.59,1.54,4.7,6.59,1.49,4.53,6.19,1.55,4.7,6.8,1.57,2.35,1.61,2.44,1.68,2.45,1.59,2.35,1.64,2.5,-1,1.84,2.06,1.81,2.1,1.89,2.12,1.8,2.05,1.86,2.11
N1,17/08/2024,20:00,Waalwijk,Groningen,1,2,A,0,1,A,13,15,7,9,7,11,7,1,2,2,1,0,2.35,3.6,2.88,2.3,3.8,2.75,2.3,3.6,2.8,2.4,3.74,2.73,2.3,3.9,2.62,2.39,3.68,2.74,2.44,3.95,2.88,2.37,3.71,2.75,2.4,3.9,2.8,1.53,2.4,1.54,2.51,1.57,2.6,1.53,2.46,1.56,2.54,-0.25,2.08,1.82,2.1,1.76,2.13,1.85,2.06,1.78,2.11,1.81,3,3.3,2.4,2.8,3.5,2.4,2.8,3.25,2.3,2.92,3.47,2.49,2.8,3.5,2.38,3.06,3.37,2.45,3.06,3.6,2.55,2.86,3.4,2.43,3.05,3.55,2.52,1.85,2,1.86,2.03,1.99,2.11,1.83,1.99,1.89,2.08,0.25,1.8,2.1,1.78,2.14,1.83,2.17,1.76,2.09,1.84,2.16
N1,18/08/2024,11:15,Heracles,PSV Eindhoven,1,3,A,1,0,H,6,32,3,8,7,12,2,12,1,0,0,0,13,8.5,1.17,13.5,9,1.16,15,8.5,1.13,11.5,9.69,1.15,15,8,1.14,13.5,8.5,1.16,16.5,11,1.17,13.41,8.98,1.15,14,9,1.16,1.22,4.2,1.2,4.47,1.22,4.6,1.21,4.13,1.23,4.3,2.25,2.03,1.87,2,1.84,2.04,1.91,1.97,1.83,,,15,9,1.14,15,9.25,1.15,17,9.5,1.11,14.76,10.52,1.14,15,8.5,1.12,16.6,9.59,1.15,18.5,10.52,1.16,15.05,9.19,1.14,22,10.5,1.16,1.25,4,1.24,4.27,1.27,4.27,1.24,3.94,1.28,4.3,2.5,1.88,2.02,1.86,2.03,1.89,2.07,1.84,2.02,1.87,2.1
N1,18/08/2024,13:30,Willem II,Go Ahead Eagles,2,0,H,2,0,H,8,11,3,1,10,12,4,3,2,2,0,0,3.1,3.5,2.3,2.95,3.5,2.3,3,3.5,2.2,3.05,3.59,2.25,2.9,3.6,2.25,3.01,3.6,2.26,3.12,3.7,2.32,3,3.55,2.26,3.15,3.75,2.32,1.75,2.05,1.76,2.09,1.83,2.14,1.75,2.07,,,0.25,1.88,2.02,1.88,1.97,1.89,2.05,1.85,1.95,,,2.63,3.4,2.75,2.55,3.4,2.65,2.63,3.4,2.55,2.56,3.49,2.82,2.5,3.5,2.6,2.56,3.43,2.87,2.7,3.59,2.87,2.6,3.46,2.65,2.76,3.65,2.7,1.88,1.98,1.88,2.01,1.99,2.11,1.82,1.99,1.82,2.2,0,1.9,2,1.86,2.05,1.95,2.05,1.9,1.98,2.02,1.97
N1,18/08/2024,13:30,Zwolle,Feyenoord,1,5,A,0,1,A,7,16,2,8,8,10,1,2,1,1,0,0,9,6.5,1.27,9.5,6.5,1.26,11,6.5,1.2,8.65,6.98,1.24,9.5,6.5,1.25,9.3,6.35,1.27,11,7.6,1.27,9.34,6.69,1.25,8.6,7.2,1.26,1.3,3.5,1.32,3.35,1.33,3.52,1.31,3.32,,,1.75,2.01,1.89,2,1.84,2.04,1.91,1.98,1.84,,,11,7,1.22,11,6.75,1.23,10,7,1.2,9.93,7.34,1.24,11,6.5,1.22,11.7,7.2,1.24,12.5,7.36,1.24,10.79,6.85,1.22,12,7.6,1.26,1.36,3.1,1.34,3.29,1.36,3.41,1.32,3.26,1.38,3.55,2,1.86,2.04,1.83,2.07,1.92,2.07,1.86,2,1.88,2.09
N1,18/08/2024,15:45,NAC Breda,Ajax,2,1,H,0,0,D,6,16,3,5,15,14,1,8,0,1,0,0,8.5,6.5,1.29,9,6.5,1.27,10.5,6,1.22,7.73,6.68,1.27,9,6,1.25,8.9,6.3,1.28,10.5,7.2,1.3,8.52,6.43,1.27,9.8,6.6,1.3,1.33,3.4,1.32,3.36,1.35,3.52,1.31,3.36,1.35,3.45,1.75,1.95,1.95,1.93,1.91,1.95,1.98,1.9,1.92,,,6,5,1.45,5.75,4.8,1.47,5.5,4.6,1.4,6.04,5.1,1.48,6,5,1.44,6.37,5.12,1.48,6.4,5.2,1.5,5.96,4.93,1.46,6.8,5.2,1.51,1.48,2.6,1.51,2.68,1.51,2.8,1.47,2.67,1.53,2.84,1.25,1.9,2,1.89,2.02,1.94,2.03,1.87,1.96,1.93,2.06
N1,24/08/2024,17:45,Nijmegen,Zwolle,1,0,H,0,0,D,16,11,2,4,8,13,6,2,1,4,0,1,1.57,4,6,1.6,4.33,5,1.55,4,5.5,1.57,4.25,5.38,1.55,4.4,5,1.59,4.4,5.11,1.6,4.55,6,1.57,4.26,5.3,1.6,4.4,6,1.57,2.35,1.6,2.4,1.6,2.44,1.56,2.36,1.59,2.52,-1,1.98,1.92,1.96,1.91,1.99,1.94,1.93,1.89,1.96,1.96,1.62,3.9,5.5,1.65,4.2,4.75,1.62,4,5,1.65,4.28,5.09,1.62,4.2,4.6,1.64,4,5.85,1.7,4.34,5.85,1.64,4.15,4.96,1.7,4.2,5.3,1.53,2.4,1.56,2.54,1.61,2.55,1.54,2.46,1.55,2.32,-0.75,1.78,2.03,1.81,2.1,1.86,2.14,1.79,2.05,1.86,2.1
N1,24/08/2024,19:00,Almere City,PSV Eindhoven,1,7,A,0,2,A,3,20,1,11,10,6,1,9,1,1,0,0,13,8,1.17,14.5,8.5,1.16,15,8,1.14,13.26,8.96,1.15,15,8,1.14,14.5,7.8,1.17,16.5,10,1.17,14.18,8.35,1.15,17.5,8.8,1.19,1.33,3.4,1.35,3.22,1.37,3.4,1.34,3.12,,,2.25,1.87,2.03,1.87,1.99,1.88,2.04,1.84,1.98,1.77,2.12,13,8.5,1.17,13,8.5,1.17,14,8,1.13,13.22,9.19,1.17,15,8,1.14,14.1,8.89,1.18,17,9.22,1.19,13.6,8.5,1.16,18.5,9.4,1.18,1.29,3.6,1.27,3.86,1.33,3.88,1.28,3.62,1.31,4,2.25,1.97,1.93,1.93,1.95,1.99,1.98,1.91,1.92,1.97,1.98
N1,24/08/2024,20:00,NAC Breda,Utrecht,1,2,A,1,0,H,7,13,3,7,5,7,4,5,3,1,1,0,4.75,3.75,1.75,4.4,4,1.73,4.5,3.8,1.73,4.34,3.91,1.76,4.2,3.9,1.73,4.24,4,1.77,4.75,4.15,1.79,4.31,3.92,1.75,4.8,4,1.8,1.65,2.2,1.66,2.24,1.69,2.34,1.64,2.24,1.73,2.3,0.75,1.89,2.01,1.88,1.99,1.9,2.02,1.86,1.94,1.91,1.99,3.9,3.5,1.95,3.75,3.6,1.95,3.8,3.4,1.95,3.93,3.55,2.01,3.6,3.6,1.95,3.86,3.58,2.03,3.95,3.7,2.06,3.74,3.51,2,4.1,3.6,2.04,1.75,2.05,1.81,2.07,1.85,2.11,1.77,2.04,1.85,2.14,0.5,1.89,2.01,1.89,2.01,1.91,2.06,1.84,2.01,1.92,2.05
N1,25/08/2024,11:15,Groningen,AZ Alkmaar,0,0,D,0,0,D,2,12,1,4,13,14,2,6,3,1,0,0,3.7,3.7,1.95,3.75,3.7,1.93,3.9,3.6,1.91,3.66,3.73,1.96,3.7,3.6,1.91,3.65,3.74,1.96,3.9,3.86,1.96,3.69,3.69,1.93,4.1,3.8,2,1.7,2.1,1.74,2.12,1.76,2.16,1.71,2.1,1.75,2.16,0.5,1.91,1.99,1.88,1.97,1.97,2,1.89,1.94,1.97,2,3.4,3.5,2.1,3.4,3.4,2.1,3.6,3.4,2,3.57,3.54,2.12,3.4,3.5,2.05,3.63,3.58,2.1,3.71,3.58,2.16,3.51,3.48,2.08,3.8,3.65,2.14,1.9,1.95,1.89,1.99,1.99,2.02,1.87,1.93,1.98,2,0.25,2.06,1.84,2.07,1.84,2.1,1.87,2.04,1.8,2.15,1.85
N1,25/08/2024,13:30,Heracles,Willem II,1,1,D,1,1,D,16,10,6,3,13,11,8,6,2,3,0,0,2.45,3.6,2.75,2.3,3.7,2.8,2.38,3.5,2.8,2.44,3.51,2.82,2.38,3.6,2.7,2.4,3.66,2.74,2.48,3.7,2.83,2.4,3.54,2.78,2.56,3.65,2.9,1.7,2.15,1.72,2.14,1.78,2.23,1.68,2.14,1.74,2.16,-0.25,2.08,1.73,2.11,1.75,2.16,1.8,2.06,1.75,2.2,1.8,2.4,3.4,3,2.45,3.3,2.87,2.5,3.25,2.88,2.46,3.31,3.08,2.38,3.4,2.8,2.46,3.48,2.97,2.61,3.48,3.08,2.46,3.33,2.9,2.54,3.45,3.1,2.03,1.83,2.03,1.86,2.13,1.97,1.94,1.87,2.02,1.96,0,1.7,2.1,1.75,2.19,1.83,2.19,1.76,2.13,1.82,2.2
N1,25/08/2024,13:30,Sparta Rotterdam,Feyenoord,1,1,D,1,0,H,11,17,6,5,7,11,6,11,3,5,0,1,7.5,4.33,1.45,6,4.8,1.47,6.5,4.6,1.4,6.15,4.87,1.45,6,4.8,1.44,6.25,4.85,1.46,7.5,5.1,1.48,6.28,4.78,1.45,7.4,5.1,1.47,1.53,2.4,1.52,2.55,1.55,2.63,1.51,2.51,1.55,2.62,1.25,1.9,2,1.88,1.98,1.92,2.02,1.87,1.95,1.89,1.9,8,4.5,1.42,6.75,5,1.43,7.5,4.75,1.4,7.52,5.06,1.41,7.5,5,1.36,8.45,4.59,1.44,8.45,5.1,1.45,7.23,4.85,1.41,8.4,5,1.46,1.48,2.6,1.51,2.66,1.54,2.7,1.49,2.6,1.54,2.78,1.25,2.02,1.88,2.03,1.88,2.06,1.93,1.98,1.85,2.03,1.95
N1,25/08/2024,15:45,Go Ahead Eagles,Waalwijk,2,0,H,1,0,H,20,8,6,2,9,9,7,1,3,2,0,1,1.73,3.9,4.75,1.78,4,4.1,1.73,3.9,4.4,1.7,4.06,4.51,1.73,4,4.2,1.74,4.1,4.29,1.79,4.2,4.75,1.73,3.99,4.37,1.75,4.2,4.6,1.62,2.25,1.62,2.32,1.7,2.38,1.62,2.28,1.66,2.34,-0.75,1.95,1.95,1.91,1.94,1.99,1.96,1.91,1.9,,,1.67,4.1,4.75,1.71,4,4.5,1.62,3.9,4.6,1.69,4.2,4.78,1.65,4.2,4.5,1.71,4.07,5.01,1.71,4.3,5.01,1.67,4.12,4.66,1.74,4.3,5.1,1.57,2.35,1.61,2.43,1.68,2.45,1.6,2.34,1.64,2.5,-0.75,1.88,2.02,1.89,2.01,1.91,2.04,1.85,1.98,1.92,2.06
N1,30/08/2024,19:00,Waalwijk,AZ Alkmaar,0,3,A,0,2,A,4,22,1,7,8,13,3,10,5,3,1,0,7.5,4.5,1.44,6.75,4.6,1.44,7,4.6,1.44,7.4,4.79,1.44,7,4.6,1.4,6.8,4.75,1.44,7.5,4.9,1.45,7.11,4.66,1.43,8,5,1.45,1.62,2.25,1.66,2.31,1.67,2.36,1.63,2.27,1.69,2.4,1.25,1.95,1.95,1.93,1.97,1.98,1.99,1.89,1.93,1.98,1.97,7.5,4.5,1.42,6.75,4.75,1.44,7.5,4.6,1.4,7.59,4.84,1.43,7.5,4.8,1.36,7.99,4.63,1.45,7.99,4.9,1.45,7.4,4.71,1.41,8.6,5,1.45,1.6,2.3,1.65,2.34,1.68,2.36,1.62,2.29,1.67,2.44,1.25,1.95,1.95,1.95,1.95,1.98,1.97,1.92,1.91,2.02,1.97
N1,31/08/2024,15:30,Almere City,Groningen,1,1,D,1,0,H,14,8,3,2,9,14,6,4,1,2,0,0,3.4,3.4,2.15,3.25,3.4,2.15,3.5,3.5,2,3.43,3.47,2.12,3.3,3.4,2.1,3.38,3.54,2.11,3.5,3.55,2.21,3.35,3.47,2.13,3.6,3.65,2.12,1.93,1.93,1.93,1.93,1.97,1.95,1.9,1.9,1.89,1.36,0.25,2.04,1.86,2.04,1.85,2.06,1.88,1.98,1.83,2.12,1.83,3.6,3.5,2.05,3.4,3.5,2.1,3.4,3.3,2,3.54,3.59,2.11,3.4,3.5,2.05,3.67,3.57,2.09,3.67,3.6,2.16,3.44,3.49,2.08,3.7,3.65,2.18,1.88,1.98,1.9,1.99,2.08,2,1.88,1.9,1.96,2,0.25,2.06,1.84,2.08,1.84,2.12,1.85,2.02,1.8,2.11,1.88
N1,31/08/2024,17:45,For Sittard,Nijmegen,0,3,A,0,2,A,14,9,1,5,5,11,4,5,1,0,0,0,2.2,3.5,3.2,2.25,3.5,3.1,2.15,3.5,3.1,2.23,3.52,3.15,2.15,3.5,3.1,2.22,3.58,3.11,2.27,3.65,3.25,2.21,3.53,3.12,2.26,3.55,3.45,1.83,2.03,1.83,2.03,1.88,2.06,1.82,1.99,1.83,2.02,-0.25,1.93,1.97,1.95,1.92,1.95,1.99,1.91,1.92,1.95,1.99,2.2,3.5,3.2,2.15,3.5,3.25,2.05,3.3,3.2,2.24,3.53,3.3,2.15,3.5,3.1,2.21,3.59,3.34,2.24,3.6,3.34,2.18,3.49,3.2,2.26,3.6,3.5,1.83,2.03,1.85,2.04,1.91,2.06,1.82,1.98,1.89,2.1,-0.25,1.95,1.95,1.94,1.96,1.96,1.98,1.89,1.93,1.94,2.03
N1,31/08/2024,19:00,Heerenveen,NAC Breda,4,0,H,0,0,D,16,11,8,1,10,8,3,6,0,1,0,0,1.73,3.8,4.75,1.71,4,4.4,1.67,4,4.6,1.7,4.15,4.42,1.67,4.2,4.4,1.72,4.1,4.42,1.74,4.3,4.75,1.71,4.09,4.43,1.75,4.2,5,1.62,2.25,1.63,2.3,1.67,2.42,1.62,2.27,1.68,2.28,-0.75,1.93,1.97,1.91,1.95,1.96,1.98,1.88,1.93,1.74,1.84,1.65,4,5.25,1.7,4,4.6,1.62,3.8,4.75,1.67,4.22,4.96,1.65,4,4.6,1.68,4.06,5.33,1.74,4.22,5.33,1.67,4.06,4.77,1.73,4.2,5.3,1.6,2.3,1.64,2.36,1.68,2.45,1.6,2.31,1.67,2.46,-0.75,1.84,2.06,1.85,2.06,1.92,2.08,1.84,1.99,1.92,2.07
N1,31/08/2024,20:00,Willem II,Sparta Rotterdam,1,2,A,0,0,D,11,14,5,4,8,7,4,3,1,4,0,0,2.8,3.4,2.5,2.75,3.4,2.45,2.75,3.3,2.5,2.76,3.46,2.51,2.7,3.4,2.45,2.73,3.5,2.48,2.81,3.55,2.56,2.73,3.46,2.49,2.94,3.55,2.6,1.9,1.95,1.88,1.97,1.96,2,1.86,1.94,1.94,2,0,2.04,1.86,2.04,1.84,2.06,1.9,2.02,1.84,2.09,1.86,3,3.4,2.35,3,3.4,2.3,3,3.3,2.3,3.11,3.48,2.36,2.9,3.5,2.3,3.28,3.47,2.29,3.28,3.51,2.38,3,3.42,2.33,3.2,3.45,2.48,1.95,1.9,1.93,1.96,2.08,2,1.9,1.9,2,1.98,0.25,1.82,2.08,1.87,2.04,1.89,2.08,1.82,2.01,1.87,2.12
N1,01/09/2024,11:15,Utrecht,Twente,2,1,H,1,1,D,7,15,4,7,10,6,5,4,0,2,0,0,2.88,3.5,2.4,2.85,3.4,2.4,2.8,3.3,2.4,2.92,3.48,2.38,2.8,3.5,2.38,2.87,3.54,2.37,2.98,3.55,2.42,2.86,3.46,2.38,2.96,3.45,2.52,1.83,2.03,1.83,2.01,1.88,2.06,1.81,1.99,1.83,2,0.25,1.8,2.1,1.8,2.07,1.83,2.12,1.78,2.04,1.8,2.16,2.8,3.5,2.5,2.75,3.4,2.45,2.63,3.25,2.4,2.85,3.51,2.52,2.62,3.5,2.5,2.74,3.54,2.61,2.85,3.55,2.61,2.76,3.44,2.48,2.88,3.55,2.64,1.83,2.03,1.85,2.05,1.91,2.07,1.79,2,1.87,2.1,0,2.08,1.82,2.08,1.84,2.08,1.89,2.03,1.84,2.11,1.88
N1,01/09/2024,13:30,Zwolle,Heracles,3,0,H,1,0,H,16,10,5,4,14,16,4,4,1,2,0,0,2,3.8,3.5,2.05,3.7,3.4,2,3.6,3.5,2.02,3.59,3.58,2,3.7,3.3,2.03,3.75,3.43,2.06,3.8,3.68,2.01,3.65,3.49,2.04,3.55,3.85,1.7,2.1,1.74,2.12,1.79,2.19,1.71,2.11,1.73,2.12,-0.5,2.05,1.85,2.03,1.83,2.06,1.87,2.01,1.83,2.04,1.86,2.05,3.75,3.4,2.05,3.6,3.5,1.95,3.4,3.4,2.09,3.61,3.58,2,3.6,3.4,2.09,3.78,3.47,2.11,3.78,3.66,2.05,3.58,3.47,2.1,3.75,3.75,1.75,2.05,1.81,2.08,1.9,2.11,1.78,2.03,1.84,2.14,-0.5,2.07,1.83,2.1,1.82,2.11,1.84,2.05,1.8,2.11,1.89
N1,01/09/2024,15:45,PSV Eindhoven,Go Ahead Eagles,3,0,H,2,0,H,19,9,8,2,7,8,5,3,0,3,0,0,1.13,9.5,19,1.13,10,16,1.08,10.5,19,1.1,11.19,16.77,1.1,9,19,1.11,9.8,20,1.17,12,21,1.11,10.07,17.24,1.1,10,8.2,1.22,4.2,1.21,4.36,1.33,4.5,1.22,4.04,1.01,1.34,-2.5,1.91,1.99,1.88,1.95,1.96,2.01,1.88,1.95,,,1.13,9.5,19,1.12,11,18.5,1.06,10,18,1.11,11.97,19.81,1.08,10,21,1.14,9.88,20,1.17,12,23,1.11,10.33,18.74,1.12,12.5,28,1.22,4.2,1.21,4.66,1.33,4.8,1.21,4.27,1.23,5,-2.75,2.03,1.78,2.08,1.81,2.11,1.83,2.03,1.8,2.1,1.87
N1,14/09/2024,15:30,PSV Eindhoven,Nijmegen,2,0,H,2,0,H,26,2,11,1,9,5,15,3,0,1,0,1,1.13,9,19,1.14,9.75,16.5,1.1,9,20,1.13,9.19,16.23,1.11,8.5,19,1.13,9.2,19,1.15,10,20,1.12,9.1,17.14,1.15,10,21,1.25,4,1.27,3.79,1.3,4,1.26,3.73,1.28,4,-2.5,2.02,1.88,1.98,1.85,2.07,1.9,1.97,1.85,1.98,1.8,1.14,9,17,1.19,8,12.5,1.13,8.5,16,1.16,8.8,15.43,1.15,8,13,1.16,9.17,16.7,1.19,9.5,18,1.16,8.38,14.69,1.17,9.6,20,1.29,3.6,1.27,3.86,1.3,4.1,1.26,3.75,1.3,4.2,-2.25,2.03,1.87,1.95,1.93,2.06,1.98,1.96,1.87,1.98,1.94
N1,14/09/2024,15:30,Twente,Zwolle,1,1,D,0,1,A,23,5,12,2,12,12,8,4,1,1,0,0,1.29,6,9,1.29,6,9.25,1.25,5.5,10.5,1.27,5.95,9.37,1.29,5.5,9.5,1.29,5.75,9.7,1.31,6.3,11,1.28,5.83,9.67,1.31,6.4,10.5,1.57,2.35,1.58,2.43,1.6,2.55,1.55,2.42,1.59,2.46,-1.75,2.03,1.78,2.01,1.83,2.09,1.84,2.02,1.79,2.02,1.84,1.29,6.25,8.5,1.29,5.75,9.5,1.25,5.5,9.5,1.29,6.15,9.41,1.25,5.8,10,1.32,6.42,8.73,1.32,6.42,10.5,1.28,5.92,9.39,1.31,6.4,11,1.44,2.7,1.5,2.67,1.54,2.7,1.49,2.59,1.53,2.82,-1.5,1.78,2.03,1.81,2.07,1.86,2.12,1.81,2.03,1.89,2.11
N1,14/09/2024,17:45,Groningen,Feyenoord,2,2,D,0,1,A,11,15,5,8,12,13,5,6,3,2,0,0,6.25,4.75,1.45,6.25,4.5,1.49,6.5,4.5,1.44,6.12,4.76,1.46,6,4.6,1.44,6.3,4.6,1.48,6.5,5,1.49,6.22,4.66,1.46,7.4,4.9,1.47,1.62,2.25,1.63,2.29,1.68,2.35,1.61,2.27,1.66,2.36,1.25,1.86,2.04,1.84,2.02,1.89,2.06,1.82,2,1.9,1.94,4.5,3.9,1.73,4.4,3.9,1.75,4.5,3.7,1.67,4.68,4.01,1.74,4.6,4,1.65,4.78,4,1.75,5.5,4.4,1.77,4.72,4,1.69,5.1,4,1.77,1.8,2,1.82,2.06,1.83,2.17,1.76,2.06,1.84,2.14,0.75,1.92,1.98,1.94,1.96,2.14,2,1.95,1.89,1.97,1.99
N1,14/09/2024,19:00,NAC Breda,For Sittard,1,0,H,0,0,D,13,10,3,3,11,9,3,8,2,1,0,0,2.9,3.6,2.3,2.95,3.5,2.3,2.9,3.5,2.25,3.06,3.42,2.31,3,3.5,2.25,3.01,3.52,2.3,3.12,3.6,2.35,3,3.48,2.3,3.15,3.6,2.38,1.88,1.98,1.88,1.96,1.92,2.05,1.84,1.96,1.89,2.02,0.25,1.86,2.04,1.85,2.01,1.87,2.05,1.84,1.97,1.9,2.06,2.9,3.5,2.3,2.95,3.3,2.37,3,3.1,2.25,3.1,3.36,2.42,2.88,3.3,2.38,3.1,3.62,2.31,3.1,3.62,2.46,2.98,3.39,2.36,3.25,3.45,2.44,1.98,1.88,2.02,1.87,2.03,1.91,1.95,1.85,2.08,1.9,0.25,1.84,2.06,1.83,2.09,1.89,2.13,1.81,2.02,1.9,2.09
N1,14/09/2024,20:00,AZ Alkmaar,Heerenveen,9,1,H,2,1,H,26,15,19,5,8,8,5,3,0,1,0,0,1.42,4.75,7.5,1.43,4.8,6.75,1.33,5,7.5,1.4,4.92,7.21,1.4,4.75,7,1.41,4.95,7.1,1.43,5.25,8,1.4,4.89,7.26,1.42,5.4,8.6,1.57,2.35,1.6,2.39,1.62,2.45,1.57,2.37,1.57,2.48,-1.25,1.91,1.99,1.87,1.98,1.94,2,1.86,1.95,1.81,1.97,1.38,5,7.5,1.39,5,7.5,1.33,4.75,7.5,1.39,5.3,7.56,1.35,5,8,1.41,5.13,7.93,1.43,5.3,8.3,1.38,5.02,7.54,1.42,5.3,8.8,1.53,2.4,1.54,2.57,1.61,2.57,1.55,2.44,1.59,2.6,-1.25,1.84,2.06,1.83,2.07,1.9,2.08,1.82,2.01,1.87,2.09
N1,15/09/2024,11:15,Sparta Rotterdam,Go Ahead Eagles,1,2,A,0,1,A,16,16,7,3,6,9,5,13,1,1,0,0,2.05,3.6,3.5,2.1,3.6,3.3,2,3.5,3.4,2.06,3.54,3.48,2.1,3.5,3.3,2.06,3.64,3.45,2.11,3.67,3.6,2.05,3.56,3.45,2.1,3.7,3.55,1.8,2,1.82,2.01,1.86,2.08,1.81,1.99,1.87,2.06,-0.25,1.75,2.05,1.79,2.06,1.87,2.12,1.78,2.04,1.82,2.11,2,3.5,3.5,2.05,3.5,3.5,1.95,3.3,3.5,2.04,3.53,3.84,2,3.6,3.4,2.04,3.64,3.77,2.09,3.64,3.84,2.03,3.5,3.61,2.1,3.65,3.9,1.85,2,1.84,2.06,1.91,2.07,1.83,1.98,1.88,2.12,-0.5,2.06,1.84,2.05,1.86,2.09,1.86,2.02,1.82,2.11,1.89
N1,15/09/2024,13:30,Willem II,Waalwijk,3,0,H,2,0,H,13,10,5,2,4,5,4,4,2,1,0,0,1.91,3.6,4,1.9,3.6,4,1.85,3.5,4,1.87,3.72,3.95,1.85,3.6,3.9,1.89,3.72,3.95,1.95,3.83,4.1,1.88,3.67,3.94,1.91,3.75,4.2,1.88,1.98,1.85,1.98,1.93,2.03,1.85,1.95,1.87,1.99,-0.5,1.9,2,1.88,1.95,1.95,2.02,1.88,1.95,,,1.9,3.6,4,1.85,3.7,4.1,1.85,3.6,4.1,1.89,3.77,4.13,1.8,3.75,4,1.86,3.76,4.43,1.92,3.78,4.43,1.85,3.68,4.08,1.92,3.85,4.4,1.83,2.03,1.87,2.02,1.91,2.07,1.83,1.97,1.89,2.1,-0.5,1.91,1.99,1.88,2,1.92,2.04,1.86,1.99,1.92,2.06
N1,15/09/2024,15:45,Heracles,Almere City,0,0,D,0,0,D,23,10,2,4,9,8,10,2,1,2,0,0,2.2,3.5,3.2,2.2,3.4,3.3,2.15,3.4,3.2,2.21,3.37,3.29,2.15,3.4,3.25,2.21,3.44,3.25,2.25,3.5,3.4,2.2,3.39,3.25,2.26,3.35,3.45,2.03,1.83,2.01,1.82,2.07,1.83,1.99,1.79,2.04,1.9,-0.25,1.92,1.98,1.91,1.93,1.94,2,1.88,1.93,,,2.3,3.6,2.9,2.3,3.4,3.1,2.2,3.2,3,2.36,3.42,3.16,2.3,3.5,2.9,2.25,3.69,3.18,2.36,3.69,3.38,2.28,3.41,3.1,2.38,3.5,3.3,1.85,2,1.89,2,1.99,2.06,1.87,1.93,1.92,2.06,-0.25,2.03,1.87,2.04,1.88,2.06,1.94,1.97,1.86,2.04,1.94
N1,17/09/2024,19:00,Twente,Heerenveen,2,0,H,2,0,H,18,12,9,4,15,13,6,3,2,2,0,0,1.36,6.25,7,1.37,5.5,7.25,1.33,5.5,7.5,1.36,5.73,7.87,1.33,5.5,7.5,1.36,5.45,7.6,1.38,6.25,8.02,1.35,5.48,7.56,1.39,6,8,1.4,2.88,1.42,2.99,1.46,2.99,1.4,2.83,1.45,3.1,-1.5,1.95,1.95,1.96,1.94,2.02,1.95,1.96,1.86,2.04,1.9,1.3,6,8.5,1.3,6,8.75,1.29,5.5,8.5,1.31,6.06,8.81,1.29,5.8,8.5,1.33,6.13,8.69,1.33,6.13,9.3,1.3,5.89,8.75,1.33,6.4,9.8,1.36,3.1,1.38,3.15,1.42,3.15,1.38,3.02,1.43,3.25,-1.5,1.78,2.03,1.81,2.07,1.86,2.1,1.8,2.04,1.88,2.1
N1,18/09/2024,19:00,Ajax,For Sittard,5,0,H,2,0,H,25,4,14,1,8,6,15,0,0,1,0,1,1.4,5,6.5,1.42,5,6.75,1.36,5,7,1.4,5.04,7.02,1.4,4.8,7,1.41,5.05,6.9,1.43,5.2,7.3,1.4,4.96,6.95,1.42,5.5,8.2,1.5,2.5,1.53,2.57,1.55,2.7,1.5,2.51,1.55,2.66,-1.25,1.86,2.04,1.85,2.02,1.92,2.04,1.85,1.96,1.86,2.04,1.3,5.25,9,1.32,5.25,10,1.25,5.5,11,1.32,5.39,10.84,1.29,5.5,10,1.33,5.67,10.1,1.33,5.7,11,1.31,5.31,10.02,1.32,5.9,13,1.75,2.05,1.78,2.12,1.83,2.2,1.73,2.1,1.79,2.22,-1.5,1.98,1.92,1.99,1.92,2.02,2.01,1.95,1.89,2,1.96
N1,20/09/2024,19:00,Zwolle,AZ Alkmaar,1,2,A,0,1,A,16,18,2,6,14,14,10,9,2,4,0,0,6.5,5,1.42,6.75,4.8,1.43,7,5,1.4,6.97,4.97,1.44,7,4.8,1.4,7.3,5,1.4,7.4,5.1,1.45,6.87,4.93,1.42,7.6,5.3,1.45,1.53,2.4,1.6,2.45,1.61,2.51,1.56,2.39,1.62,2.56,1.25,1.95,1.95,1.93,1.97,2.01,1.97,1.92,1.9,1.97,1.97,6,5,1.45,6.5,4.8,1.44,6.5,4.6,1.36,6.64,4.85,1.46,7,4.8,1.4,6.37,5.12,1.48,7,5.12,1.48,6.47,4.82,1.43,7.6,5.1,1.48,1.57,2.35,1.58,2.48,1.58,2.56,1.55,2.42,1.62,2.56,1.25,1.92,1.98,1.9,1.98,1.96,2,1.9,1.93,1.95,2.02
N1,21/09/2024,15:30,Utrecht,Willem II,3,2,H,2,2,D,15,8,2,3,5,13,7,7,2,3,0,0,1.57,4,5.75,1.6,4.1,5.25,1.55,4.2,5.5,1.58,4.16,5.52,1.55,4.2,5.5,1.6,4.15,5.4,1.63,4.3,5.8,1.58,4.15,5.46,1.62,4.2,6.4,1.8,2,1.79,2.05,1.83,2.1,1.78,2.03,1.89,1.94,-1,2.03,1.87,2.01,1.86,2.06,1.88,1.99,1.84,1.98,1.76,1.65,3.8,5.25,1.6,4.1,5.25,1.62,3.9,5,1.65,4.07,5.38,1.62,4,5,1.7,3.91,5.4,1.7,4.15,5.75,1.64,3.99,5.17,1.69,4.1,5.9,1.83,2.03,1.86,2.04,1.99,2.06,1.83,1.98,1.9,2.06,-0.75,1.83,2.07,1.84,2.08,1.86,2.08,1.81,2.02,1.88,2.1
N1,21/09/2024,17:45,Waalwijk,Sparta Rotterdam,1,2,A,0,1,A,27,14,10,5,10,10,6,2,0,1,0,0,3.4,3.7,2.05,3.4,3.6,2.05,3.3,3.75,2,3.53,3.62,2.03,3.4,3.6,2,3.47,3.7,2.03,3.6,3.75,2.09,3.43,3.64,2.03,3.65,3.7,2.14,1.73,2.08,1.74,2.14,1.79,2.17,1.73,2.09,1.76,2.16,0.25,2.05,1.75,2.1,1.78,2.11,1.85,2.06,1.77,2.12,1.85,4,4,1.8,4.1,3.9,1.8,4,3.8,1.8,4.28,3.98,1.81,3.9,3.8,1.83,3.98,3.98,1.89,4.28,4,1.95,3.95,3.82,1.86,4.2,4,1.9,1.57,2.35,1.64,2.36,1.74,2.38,1.65,2.23,1.69,2.4,0.75,1.86,2.04,1.85,2.06,1.88,2.25,1.78,2.08,1.85,2.16
N1,21/09/2024,19:00,Go Ahead Eagles,Ajax,1,1,D,0,0,D,9,8,4,3,9,11,7,2,2,2,0,0,4.2,4,1.75,4.2,3.9,1.78,4.2,3.9,1.75,4.13,3.85,1.81,4.2,3.8,1.75,4.05,3.88,1.83,4.4,4,1.86,4.13,3.89,1.79,4.5,4.1,1.85,1.67,2.15,1.71,2.18,1.74,2.29,1.68,2.17,1.7,2.3,0.75,1.85,2.05,1.81,2.07,1.9,2.07,1.82,1.99,1.86,2.09,4.2,4,1.75,4.1,3.9,1.8,4.2,3.9,1.75,4.43,4.05,1.78,4.2,3.9,1.73,4.47,4.11,1.78,4.47,4.11,1.82,4.23,3.97,1.77,4.6,4.1,1.85,1.6,2.3,1.63,2.38,1.67,2.41,1.61,2.31,1.66,2.46,0.75,1.9,2,1.9,2.01,1.94,2.05,1.86,1.97,1.91,2.07
N1,21/09/2024,20:00,Nijmegen,Heracles,1,2,A,1,2,A,21,11,9,4,16,15,7,3,3,4,0,0,1.57,4.33,5.5,1.58,4.2,5.25,1.5,4.2,5.5,1.55,4.35,5.57,1.55,4.33,5.5,1.57,4.4,5.35,1.59,4.5,5.7,1.56,4.32,5.4,1.57,4.6,6.4,1.62,2.25,1.65,2.29,1.69,2.32,1.63,2.26,1.67,2.32,-1,1.95,1.95,1.93,1.94,2,1.98,1.93,1.91,1.93,1.98,1.62,4.2,5,1.66,4.1,4.8,1.62,3.9,5,1.66,4.15,5.19,1.6,4.2,5,1.66,4.31,5.13,1.67,4.31,5.19,1.64,4.1,4.97,1.7,4.2,5.6,1.65,2.2,1.68,2.29,1.71,2.29,1.66,2.21,1.72,2.36,1.5,1.83,1.83,,,1.91,1.95,1.86,1.87,,
N1,22/09/2024,11:15,Heerenveen,Groningen,2,1,H,1,1,D,20,2,6,1,11,9,9,3,1,3,0,2,2.5,3.6,2.7,2.5,3.5,2.7,2.5,3.4,2.63,2.56,3.59,2.63,2.45,3.5,2.62,2.55,3.58,2.61,2.6,3.67,2.75,2.51,3.53,2.65,2.66,3.65,2.8,1.73,2.08,1.76,2.09,1.83,2.13,1.76,2.05,1.78,2.14,0,1.9,2,1.9,1.95,1.92,2.05,1.88,1.98,1.93,2.03,2.3,3.7,2.9,2.3,3.6,2.87,2.3,3.5,2.88,2.34,3.65,3.02,2.25,3.6,2.88,2.34,3.77,2.95,2.38,3.77,3.02,2.31,3.6,2.91,2.42,3.65,3.15,1.65,2.2,1.7,2.25,1.84,2.26,1.69,2.16,1.75,2.3,-0.25,2.04,1.86,2.04,1.88,2.07,1.89,2.01,1.82,2.09,1.89
N1,22/09/2024,13:30,Almere City,Twente,0,5,A,0,2,A,16,16,4,8,9,5,7,5,1,1,0,0,5.5,5,1.5,5.75,4.33,1.53,5.5,4.75,1.44,5.83,4.39,1.52,5.8,4.33,1.5,5.7,4.35,1.55,6,5,1.56,5.69,4.42,1.52,6.2,4.7,1.53,1.65,2.2,1.69,2.19,1.73,2.26,1.66,2.2,1.7,2.24,1,2.02,1.88,1.97,1.88,2.04,1.94,1.97,1.86,,,5.75,4.5,1.53,5.75,4.5,1.53,6,4.5,1.47,6.11,4.65,1.52,5.5,4.6,1.5,6.08,4.84,1.52,6.6,5,1.54,5.94,4.57,1.5,6.6,4.7,1.57,1.57,2.35,1.62,2.41,1.64,2.42,1.6,2.34,1.65,2.5,1,2.04,1.86,2.07,1.85,2.17,1.89,2.03,1.82,2.06,1.92
N1,22/09/2024,13:30,Feyenoord,NAC Breda,2,0,H,1,0,H,25,5,5,1,10,15,5,2,2,2,0,0,1.14,8.5,17,1.14,9.25,17.5,1.1,9,20,1.12,9.8,17.05,1.11,8.5,19,1.15,8.4,17,1.15,11,23,1.12,8.97,17.82,1.15,10,20,1.36,3.1,1.37,3.08,1.39,3.27,1.35,3.08,1.36,3.1,-2.25,1.9,2,1.85,1.98,1.94,2.01,1.86,1.94,,,1.11,10,17,1.13,9.5,20,1.08,11,21,1.12,11.05,21.14,1.08,10,19,1.12,11.4,20,1.13,11.4,23,1.11,9.96,19.79,1.13,12,28,1.33,3.4,1.35,3.37,1.35,3.55,1.32,3.34,1.36,3.65,-2.5,2.02,1.88,2.04,1.85,2.04,1.94,1.98,1.85,2.05,1.92
N1,22/09/2024,15:45,For Sittard,PSV Eindhoven,1,3,A,1,1,D,8,14,4,7,11,10,5,6,3,1,0,0,11,6.5,1.22,12,7,1.22,13,6.5,1.18,10.33,6.72,1.22,11,6.5,1.22,9.2,6.4,1.27,14,7.3,1.27,10.98,6.59,1.22,12.5,7.2,1.25,1.4,2.88,1.41,2.89,1.41,2.98,1.39,2.86,1.39,3,1.75,2.06,1.84,2,1.84,2.11,1.88,2,1.82,,,12,8,1.18,13.5,7,1.2,15,7.5,1.15,14.55,7.73,1.18,15,6.5,1.18,12.6,8.43,1.2,15,8.43,1.2,13.74,7.4,1.18,17.5,8.6,1.2,1.4,2.88,1.44,2.86,1.48,3.1,1.42,2.83,1.46,3.05,2,1.95,1.95,1.93,1.96,1.99,2,1.92,1.92,1.99,1.97
N1,27/09/2024,19:00,Heracles,Heerenveen,2,1,H,1,0,H,15,13,6,6,8,14,9,4,2,2,0,0,2.88,3.6,2.38,2.7,3.6,2.4,2.8,3.6,2.4,2.88,3.66,2.42,2.75,3.7,2.3,2.77,3.74,2.36,2.89,3.74,2.43,2.8,3.62,2.38,2.92,3.8,2.48,1.6,2.3,1.63,2.37,1.65,2.47,1.59,2.32,1.65,2.5,0.25,1.82,2.08,1.81,2.11,1.83,2.14,1.78,2.05,1.84,2.15,2.8,3.5,2.45,2.9,3.6,2.3,2.8,3.4,2.3,3.05,3.43,2.42,2.75,3.7,2.3,3.05,3.58,2.36,3.05,3.7,2.45,2.91,3.46,2.37,3.05,3.7,2.48,1.67,2.15,1.69,2.26,1.69,2.36,1.63,2.23,1.7,2.4,0.25,1.73,2.08,1.83,2.09,1.86,2.13,1.79,2.05,1.86,2.14
N1,28/09/2024,15:30,Willem II,PSV Eindhoven,0,2,A,0,0,D,8,12,1,3,11,9,3,6,1,2,0,0,10,7,1.22,11,7,1.23,11,7,1.2,11.05,7.2,1.2,12,6.5,1.2,11.5,6.9,1.22,12.5,7.7,1.23,11.26,6.95,1.21,8.8,7.6,1.24,1.33,3.4,1.34,3.24,1.37,3.4,1.34,3.14,1.37,3.35,2,1.88,2.02,1.86,1.99,1.92,2.11,1.85,1.98,1.86,1.99,8.5,5.75,1.3,9,5.5,1.31,9.5,5.5,1.25,9.19,6.07,1.31,9.5,5.5,1.29,9.2,6.01,1.33,10,6.4,1.33,9.16,5.83,1.29,11,6.4,1.31,1.53,2.4,1.53,2.58,1.55,2.7,1.51,2.53,1.57,2.7,1.5,1.99,1.91,1.97,1.93,2.01,1.94,1.96,1.88,2.04,1.91
N1,28/09/2024,17:45,Nijmegen,Feyenoord,1,1,D,1,0,H,10,17,4,6,9,12,3,9,1,1,0,0,5.75,4.33,1.55,5.25,4.4,1.57,5.5,4.33,1.5,5.59,4.39,1.54,5.5,4.33,1.53,5.25,4.45,1.57,5.8,4.6,1.58,5.46,4.38,1.55,6,4.7,1.58,1.57,2.35,1.61,2.38,1.61,2.47,1.56,2.36,1.6,2.46,1,1.97,1.93,1.96,1.91,1.98,1.96,1.92,1.91,1.97,1.92,5.5,4,1.62,5.25,4.1,1.61,5,4,1.53,5.44,4.23,1.62,5.5,4.2,1.55,6.09,4.19,1.59,6.09,4.3,1.63,5.47,4.11,1.59,5.9,4.4,1.65,1.67,2.15,1.7,2.25,1.77,2.28,1.68,2.19,1.74,2.34,1,1.82,2.08,1.85,2.07,1.9,2.11,1.84,2.01,1.9,2.08
N1,28/09/2024,20:00,Sparta Rotterdam,For Sittard,1,1,D,1,1,D,19,13,6,5,12,9,9,5,1,2,0,0,1.75,3.7,4.75,1.82,3.6,4.2,1.8,3.5,4.33,1.75,3.71,4.69,1.75,3.7,4.33,1.77,3.78,4.49,1.82,3.79,4.75,1.78,3.68,4.46,1.78,3.9,5,1.93,1.93,1.94,1.91,1.99,1.98,1.91,1.88,1.97,1.92,-0.75,2.02,1.88,2,1.87,2.07,1.9,1.99,1.83,2.01,1.93,1.62,3.9,5.5,1.66,3.8,5.25,1.62,3.8,5,1.63,4.02,5.69,1.62,3.9,5,1.66,4,5.64,1.69,4.02,5.69,1.64,3.9,5.32,1.67,4.2,5.8,1.85,2,1.88,2.02,1.99,2.02,1.86,1.94,1.93,2.04,-0.75,1.75,2.05,1.83,2.1,1.86,2.13,1.8,2.03,1.85,2.13
N1,29/09/2024,11:15,Zwolle,Almere City,1,0,H,0,0,D,11,15,4,5,10,13,6,8,2,4,0,0,2,3.6,3.6,2.05,3.6,3.4,2,3.5,3.6,2.03,3.6,3.56,2,3.6,3.4,2.04,3.64,3.49,2.07,3.68,3.64,2.02,3.59,3.52,2.08,3.75,3.85,1.8,2,1.8,2.03,1.84,2.08,1.79,2.01,1.82,2.04,-0.5,2.04,1.86,2.04,1.83,2.06,1.88,2.02,1.82,2.08,1.9,1.91,3.7,3.8,2,3.6,3.6,1.91,3.4,3.6,1.92,3.78,4.01,1.91,3.7,3.6,1.95,3.77,3.96,2.01,3.78,4.01,1.95,3.65,3.73,2.04,3.75,3.95,1.7,2.1,1.75,2.17,1.79,2.23,1.73,2.11,1.8,2.22,-0.5,1.92,1.98,1.93,1.98,2,1.98,1.95,1.89,2.04,1.95
N1,29/09/2024,13:30,Groningen,Go Ahead Eagles,0,1,A,0,0,D,7,16,1,3,11,11,7,7,2,3,0,0,2.2,3.6,3.1,2.15,3.6,3.1,2.1,3.6,3.1,2.27,3.53,3.06,2.15,3.5,3.1,2.24,3.6,3.05,2.29,3.63,3.2,2.22,3.55,3.08,2.34,3.55,3.1,1.75,2.05,1.78,2.06,1.83,2.11,1.77,2.04,1.76,2.02,-0.25,1.98,1.92,1.98,1.88,2,1.96,1.91,1.89,2.02,1.88,2.7,3.4,2.55,2.65,3.5,2.55,2.6,3.2,2.5,2.76,3.45,2.63,2.6,3.4,2.6,2.68,3.49,2.7,2.76,3.5,2.7,2.66,3.41,2.59,2.82,3.5,2.74,1.93,1.93,1.93,1.96,1.99,2,1.89,1.91,1.98,1.99,0,2.02,1.88,2,1.91,2.03,1.94,1.97,1.91,2.01,1.96
N1,29/09/2024,13:30,Twente,NAC Breda,1,0,H,0,0,D,18,7,5,2,13,12,4,3,2,2,0,0,1.2,8.5,9.5,1.22,7,12,1.17,7.5,13,1.19,7.21,12.36,1.18,7,13,1.21,6.95,12.5,1.22,8.5,14.5,1.2,7.12,12.41,1.21,8.2,13.5,1.4,2.88,1.4,2.93,1.44,3.2,1.39,2.89,1.42,3.1,-2,1.99,1.91,1.94,1.89,2.02,1.95,1.96,1.88,1.94,1.95,1.25,6.25,9.5,1.26,6,11,1.2,6,11,1.25,6.52,11.35,1.22,5.8,12,1.28,6.72,10.2,1.28,6.75,12,1.25,6.25,10.8,1.27,6.6,14,1.53,2.4,1.55,2.54,1.57,2.7,1.52,2.5,1.59,2.62,-1.75,1.99,1.91,1.97,1.92,2.02,1.92,1.96,1.87,2.04,1.94
N1,29/09/2024,15:45,Waalwijk,Ajax,0,2,A,0,0,D,3,23,1,4,9,6,2,12,2,1,0,0,6.5,5.75,1.38,6.75,5,1.42,7,5.5,1.33,7.77,5.32,1.35,7.5,5,1.35,7.5,5.3,1.37,8.2,5.75,1.42,7.38,5.28,1.36,7.8,5.8,1.39,1.44,2.7,1.45,2.74,1.49,2.82,1.45,2.69,1.47,2.86,1.5,1.86,2.04,1.85,2.01,1.89,2.11,1.83,2,,,6.5,5.75,1.4,7,5.25,1.39,6.5,5,1.33,7.48,5.41,1.4,6.5,5.5,1.36,6.81,5.81,1.41,7.5,5.81,1.42,6.85,5.27,1.39,7.8,5.8,1.42,1.36,3.1,1.43,2.93,1.47,3.14,1.41,2.9,1.44,3.2,1.5,1.87,2.03,1.85,2.07,1.91,2.14,1.81,2.04,1.84,2.14
N1,29/09/2024,19:00,AZ Alkmaar,Utrecht,1,2,A,1,1,D,22,8,6,3,9,10,8,1,1,2,0,0,1.62,4.1,5.25,1.6,4.2,5.25,1.55,4,5.5,1.6,4.15,5.3,1.57,4.2,5,1.62,4.2,5.1,1.63,4.33,5.5,1.59,4.15,5.27,1.65,4.2,5.6,1.7,2.1,1.73,2.13,1.76,2.19,1.71,2.12,1.73,2.14,-1,2.06,1.84,2.03,1.83,2.09,1.88,2.02,1.82,,,1.57,4.2,5.5,1.6,4.1,5.25,1.57,4.1,5.5,1.61,4.22,5.57,1.53,4.2,5.5,1.61,4.3,5.64,1.61,4.4,5.75,1.57,4.18,5.45,1.63,4.4,6,1.67,2.15,1.72,2.21,1.73,2.3,1.67,2.17,1.73,2.32,-1,2.02,1.88,2.03,1.88,2.04,1.92,1.98,1.86,2.04,1.94
N1,04/10/2024,19:00,Almere City,Willem II,0,1,A,0,0,D,22,4,7,1,9,13,6,5,1,3,0,0,2.7,3.2,2.75,2.6,3.2,2.75,2.63,3.1,2.8,2.74,3.23,2.8,2.6,3.2,2.7,2.69,3.13,2.76,2.74,3.25,2.85,2.67,3.17,2.75,2.8,3.3,2.94,2.15,1.67,2.24,1.7,2.27,1.73,2.16,1.68,2.28,1.75,0,1.91,1.99,1.93,1.97,1.93,2.02,1.89,1.97,1.95,2.04,2.5,3.2,3,2.5,3.1,2.95,2.45,3,3,2.58,3.21,3.01,2.5,3.1,2.88,2.59,3.21,3,2.61,3.23,3.1,2.52,3.14,2.96,2.62,3.25,3.15,2.2,1.65,2.3,1.67,2.35,1.72,2.24,1.64,2.38,1.7,0,1.79,2.11,1.81,2.12,1.82,2.17,1.79,2.1,1.82,2.2
N1,05/10/2024,17:45,NAC Breda,Nijmegen,1,0,H,0,0,D,18,12,6,2,12,8,8,3,2,1,1,0,2.88,3.4,2.5,2.87,3.4,2.37,2.88,3.3,2.4,2.88,3.37,2.47,2.88,3.5,2.3,2.84,3.54,2.4,3,3.55,2.5,2.87,3.41,2.42,3.05,3.5,2.54,1.83,2.03,1.84,2.02,1.87,2.06,1.81,1.99,1.89,2.04,0.25,1.73,2.08,1.76,2.13,1.81,2.16,1.76,2.07,1.82,2.17,3.25,3.25,2.3,3,3.25,2.37,3.1,3.25,2.3,3.24,3.32,2.36,3,3.3,2.3,3.43,3.31,2.29,3.43,3.4,2.42,3.14,3.28,2.32,3.35,3.35,2.42,2.03,1.83,2.06,1.84,2.24,1.86,2.02,1.79,2.12,1.86,0.25,1.87,2.03,1.88,2.03,1.92,2.05,1.85,1.99,1.91,2.07
N1,05/10/2024,19:00,PSV Eindhoven,Sparta Rotterdam,2,1,H,2,1,H,16,14,6,4,3,5,3,8,0,2,1,0,1.17,8,13,1.18,8.5,12.5,1.14,8,15,1.15,8.34,13.84,1.15,7.5,15,1.18,7.8,14,1.18,9,16.5,1.16,7.96,14.05,1.18,9.2,18,1.33,3.4,1.33,3.32,1.36,3.45,1.32,3.27,1.35,3.55,-2.25,2.03,1.87,1.99,1.87,2.07,1.88,1.99,1.82,2.08,1.85,1.2,7,12,1.19,7.75,13,1.15,7.5,15,1.19,8.12,13.23,1.17,7.5,13,1.22,7.49,13.3,1.22,8.12,15,1.18,7.46,12.86,1.2,8.4,17.5,1.33,3.4,1.34,3.33,1.35,3.41,1.33,3.23,1.37,3.6,-2,1.89,2.01,1.87,2.02,1.93,2.04,1.86,1.97,1.91,2.07
N1,05/10/2024,20:00,Utrecht,Waalwijk,3,2,H,1,1,D,23,3,8,2,8,11,7,0,1,0,0,1,1.38,4.75,8,1.37,5.25,7.5,1.33,5,7.5,1.36,5.18,7.69,1.35,5,7.5,1.39,5.1,7.3,1.41,5.5,8.3,1.37,5.12,7.56,1.41,5.5,8.4,1.5,2.5,1.53,2.58,1.56,2.6,1.51,2.5,1.57,2.6,-1.25,1.85,2.05,1.84,2.04,1.85,2.13,1.8,2.02,1.89,2.04,1.36,5,8,1.37,5.25,7.5,1.3,4.75,7.5,1.35,5.47,8.75,1.35,5,7.5,1.41,5.09,8.14,1.41,5.47,8.75,1.36,5.16,7.83,1.4,5.5,9.4,1.48,2.6,1.51,2.67,1.56,2.7,1.5,2.55,1.55,2.78,-1.5,2.01,1.89,2.02,1.88,2.06,1.89,2.01,1.84,2.07,1.91
N1,06/10/2024,11:15,Go Ahead Eagles,Heracles,4,1,H,0,1,A,18,7,9,2,13,8,3,5,1,2,0,0,1.62,4.2,5,1.66,4.1,4.75,1.6,4,5,1.61,4.14,5.21,1.57,4.2,5,1.63,4.2,4.98,1.66,4.3,5.4,1.62,4.16,5.02,1.64,4.4,5.7,1.67,2.15,1.67,2.23,1.72,2.29,1.67,2.2,1.7,2.24,-0.75,1.75,2.05,1.77,2.1,1.83,2.13,1.76,2.06,1.78,2.14,1.57,4.33,5.25,1.57,4.33,5.5,1.53,4.2,5.5,1.61,4.29,5.44,1.53,4.2,5.5,1.61,4.45,5.45,1.61,4.45,5.64,1.57,4.3,5.43,1.6,4.5,6.2,1.65,2.2,1.68,2.29,1.7,2.34,1.64,2.26,1.73,2.34,-1,1.99,1.91,2.02,1.88,2.02,1.96,1.94,1.89,1.98,1.97
N1,06/10/2024,13:30,Feyenoord,Twente,2,1,H,2,0,H,8,7,2,5,17,11,5,6,2,2,0,0,1.6,4.33,5.25,1.62,4.2,4.8,1.57,4.2,5,1.6,4.24,5.17,1.6,4.2,4.8,1.62,4.25,5.05,1.64,4.4,5.4,1.61,4.25,5.01,1.64,4.5,5.4,1.65,2.2,1.65,2.28,1.7,2.33,1.63,2.26,1.69,2.3,-1,2.04,1.86,2.02,1.83,2.11,1.86,2.02,1.82,1.98,1.81,1.75,4.1,4.33,1.77,3.9,4.2,1.7,3.8,4.2,1.78,4.04,4.44,1.73,3.9,4.2,1.75,4.16,4.56,1.8,4.16,4.56,1.75,3.97,4.31,1.81,4.2,4.6,1.65,2.2,1.68,2.27,1.7,2.36,1.65,2.23,1.72,2.38,-0.75,2,1.9,2.01,1.9,2.02,1.94,1.96,1.87,2.04,1.94
N1,06/10/2024,13:30,Heerenveen,Zwolle,1,1,D,1,1,D,15,6,4,2,10,14,8,2,2,2,0,0,1.65,4.1,5,1.7,4.2,4.33,1.67,4,4.5,1.65,4.23,4.74,1.65,4.2,4.5,1.67,4.25,4.62,1.7,4.4,5,1.66,4.22,4.63,1.7,4.4,5.2,1.53,2.4,1.55,2.48,1.55,2.55,1.52,2.44,1.57,2.56,-0.75,1.84,2.06,1.82,2.04,1.89,2.09,1.8,2.01,1.85,2.12,1.83,3.9,4.1,1.83,3.9,3.9,1.73,3.9,3.9,1.85,4.08,3.99,1.83,3.9,3.8,1.86,3.96,4.16,1.86,4.1,4.16,1.83,3.93,3.95,1.86,4.3,4.3,1.5,2.5,1.58,2.57,1.59,2.57,1.54,2.46,1.59,2.62,-0.75,2.03,1.78,2.08,1.82,2.11,1.85,2.04,1.8,2.11,1.9
N1,06/10/2024,15:45,Ajax,Groningen,3,1,H,1,0,H,17,12,8,4,8,10,5,2,3,2,0,0,1.36,5.25,8,1.39,5,7.25,1.33,5,8.5,1.35,5.15,8.06,1.33,5,8,1.36,5.2,8,1.39,5.4,8.5,1.36,5.13,7.95,1.38,5.9,9,1.57,2.35,1.57,2.42,1.62,2.52,1.56,2.39,1.6,2.46,-1.25,1.75,2.05,1.76,2.1,1.88,2.11,1.77,2.05,,,1.27,6,9,1.27,6,10,1.22,5.5,10,1.27,6.32,10.08,1.25,6,10,1.3,6.41,9.62,1.3,6.5,12,1.26,6.06,10.1,1.3,6.4,12.5,1.48,2.6,1.49,2.71,1.52,2.95,1.47,2.66,1.54,2.82,-1.75,1.98,1.92,1.98,1.91,2,1.96,1.95,1.89,2.04,1.95
N1,06/10/2024,19:00,For Sittard,AZ Alkmaar,1,0,H,0,0,D,9,10,3,3,11,9,2,5,4,2,0,0,6.25,3.8,1.57,5.25,4.2,1.6,5.5,4,1.55,5.5,4.08,1.59,5.5,4.2,1.55,5.3,4.15,1.61,6.25,4.25,1.62,5.5,4.09,1.58,6.2,4.4,1.61,1.83,2.03,1.8,2.03,1.87,2.07,1.8,2,1.83,2.08,1,1.85,2.05,1.82,2.04,1.91,2.07,1.82,2.01,,,4.75,3.5,1.8,4.2,3.7,1.82,4.6,3.6,1.75,4.56,3.77,1.81,4.5,3.7,1.73,5.05,3.57,1.81,5.05,3.85,1.83,4.58,3.67,1.78,4.8,3.85,1.85,1.83,2.03,1.88,2.02,2,2.05,1.85,1.95,1.94,2.04,0.75,1.83,2.07,1.85,2.07,1.9,2.12,1.83,2,1.88,2.1
N1,19/10/2024,15:30,Sparta Rotterdam,Almere City,2,2,D,0,2,A,19,9,7,3,6,12,5,3,2,3,1,0,1.55,4.33,5.5,1.57,4.2,5.5,1.5,4.2,5.5,1.54,4.21,5.94,1.53,4.2,5.5,1.55,4.35,5.65,1.58,4.45,6.2,1.55,4.27,5.65,1.6,4.3,6,1.7,2.1,1.7,2.2,1.75,2.24,1.69,2.16,1.71,2.26,-1,1.95,1.95,1.91,1.96,1.98,1.97,1.91,1.91,1.96,1.97,1.7,3.8,4.75,1.71,3.8,4.75,1.67,3.8,5,1.72,3.89,5.07,1.65,4,4.6,1.76,4.04,4.66,1.76,4.1,5.4,1.69,3.87,4.9,1.76,4,5.1,1.9,1.95,1.9,1.99,1.99,2.12,1.82,1.99,1.89,2.08,-0.75,1.92,1.98,1.93,1.97,1.97,2.05,1.9,1.95,1.99,1.97
N1,19/10/2024,17:45,AZ Alkmaar,PSV Eindhoven,1,2,A,0,2,A,5,17,2,5,5,11,0,3,0,0,1,0,4.33,4,1.75,4.2,3.9,1.77,4.33,4,1.73,4.29,4.03,1.75,4,4,1.75,4.15,4.1,1.77,4.5,4.2,1.78,4.23,4.03,1.75,4.6,4.3,1.81,1.6,2.3,1.6,2.4,1.62,2.45,1.58,2.35,1.62,2.46,0.75,1.9,2,1.9,1.97,1.92,2.04,1.86,1.95,1.92,2,3.3,3.8,2.05,3.3,3.7,2.05,3.3,3.6,1.95,3.48,3.71,2.05,3.3,3.75,2,3.61,3.79,2.04,3.61,3.8,2.11,3.37,3.71,2.04,3.6,3.9,2.1,1.57,2.35,1.6,2.47,1.61,2.49,1.56,2.39,1.61,2.62,0.5,1.75,2.05,1.81,2.1,1.85,2.14,1.79,2.07,1.89,2.11
N1,19/10/2024,19:00,Nijmegen,Heerenveen,3,0,H,1,0,H,12,8,5,2,17,17,4,4,0,3,0,0,1.91,3.75,3.8,1.93,3.8,3.6,1.91,3.75,3.75,1.94,3.85,3.62,1.91,3.75,3.6,1.95,3.84,3.59,1.98,3.95,3.8,1.94,3.79,3.62,2.02,3.95,3.8,1.65,2.2,1.65,2.26,1.72,2.38,1.63,2.23,1.67,2.3,-0.5,1.95,1.95,1.96,1.91,1.97,1.97,1.93,1.9,2.02,1.96,1.87,3.75,3.8,1.98,3.7,3.6,1.95,3.6,3.7,1.96,3.81,3.81,1.91,3.7,3.7,1.92,3.83,4.02,2.03,3.83,4.02,1.95,3.7,3.68,2.04,3.8,3.95,1.62,2.25,1.67,2.29,1.71,2.36,1.65,2.21,1.72,2.34,-0.5,1.95,1.95,1.97,1.93,2,1.97,1.96,1.88,2.03,1.96
N1,19/10/2024,19:00,Waalwijk,Twente,2,2,D,1,1,D,9,16,4,7,6,9,3,10,1,2,0,0,6.5,5.5,1.4,7.25,5,1.4,7,5,1.33,7.15,5.1,1.39,7.5,5,1.36,7.2,5.05,1.4,7.8,5.5,1.41,7.21,5.03,1.39,7.8,5.2,1.43,1.53,2.4,1.54,2.52,1.57,2.57,1.52,2.46,1.58,2.52,1.25,2.02,1.88,2.02,1.85,2.07,1.89,1.98,1.84,2.02,1.88,8,6,1.27,8.5,5.5,1.33,8.5,5.5,1.3,9.19,5.89,1.32,9,5.8,1.29,7.44,5.91,1.38,9.7,6,1.38,8.57,5.62,1.32,10,5.9,1.36,1.5,2.5,1.5,2.7,1.56,2.7,1.5,2.55,1.55,2.76,1.5,2.01,1.89,2.01,1.9,2.02,1.94,1.94,1.89,1.99,1.98
N1,19/10/2024,20:00,Go Ahead Eagles,Feyenoord,1,5,A,0,3,A,8,23,4,7,10,6,2,6,1,2,0,0,4.5,4.5,1.65,5,4.2,1.61,4.75,4.33,1.6,4.67,4.15,1.67,4.8,4.2,1.62,4.7,4.1,1.68,5,4.5,1.7,4.68,4.18,1.66,5.3,4.2,1.69,1.7,2.1,1.72,2.16,1.75,2.21,1.69,2.15,1.73,2.2,0.75,1.98,1.8,2,1.87,2.06,1.89,1.98,1.82,2.06,1.84,3.6,4,1.91,3.7,3.7,1.95,3.8,3.6,1.9,3.95,3.91,1.9,3.75,3.7,1.85,3.8,4.08,1.91,3.98,4.08,1.96,3.76,3.79,1.91,4.1,3.9,1.98,1.7,2.1,1.76,2.15,1.82,2.21,1.74,2.09,1.8,2.22,0.5,1.97,1.93,2,1.91,2,1.97,1.92,1.91,2.01,1.98
N1,20/10/2024,11:15,Willem II,For Sittard,0,0,D,0,0,D,5,22,0,4,11,11,2,10,1,1,0,0,2.25,3.4,3.2,2.2,3.4,3.2,2.25,3.3,3.2,2.28,3.33,3.21,2.25,3.3,3.1,2.29,3.35,3.16,2.33,3.41,3.25,2.26,3.33,3.17,2.4,3.35,3.4,2.1,1.7,2.14,1.72,2.17,1.79,2.11,1.72,2.16,1.73,-0.25,2,1.9,1.97,1.88,2.02,1.92,1.94,1.87,2.04,1.91,2.35,3.2,3.2,2.35,3.1,3.2,2.3,2.9,3.2,2.46,3.1,3.28,2.25,3.2,3.2,2.34,3.26,3.38,2.46,3.29,3.38,2.34,3.16,3.22,2.46,3.2,3.45,2.4,1.53,2.52,1.57,2.52,1.66,2.37,1.58,2.5,1.64,-0.25,2.07,1.83,2.09,1.83,2.09,1.87,2.01,1.83,2.07,1.91
N1,20/10/2024,13:30,Groningen,Utrecht,0,1,A,0,1,A,15,10,3,3,9,17,4,5,2,4,0,0,3.6,3.7,2,3.5,3.6,2.05,3.5,3.5,2,3.46,3.66,2.05,3.4,3.6,2,3.49,3.64,2.04,3.6,3.71,2.05,3.44,3.63,2.02,3.7,3.75,2.1,1.8,2,1.79,2.04,1.88,2.14,1.78,2.02,1.79,2.04,0.5,1.86,2.04,1.81,2.06,1.9,2.06,1.82,2.02,,,2.7,3.4,2.55,2.8,3.4,2.45,2.75,3.1,2.45,2.79,3.38,2.64,2.8,3.4,2.38,2.93,3.49,2.49,2.96,3.49,2.64,2.83,3.33,2.49,2.98,3.4,2.68,1.88,1.98,1.93,1.96,1.99,2,1.9,1.9,1.98,2,0,1.98,1.92,2.01,1.9,2.09,1.92,2.04,1.84,2.1,1.89
N1,20/10/2024,13:30,Heracles,Ajax,3,4,A,2,2,D,14,18,6,6,11,11,3,0,2,4,1,0,6.25,5,1.45,6.5,4.8,1.43,6,5,1.4,6.46,4.95,1.43,6,4.75,1.44,6.4,4.8,1.45,6.75,5,1.47,6.29,4.86,1.44,6.8,5.1,1.5,1.5,2.5,1.53,2.54,1.56,2.63,1.51,2.5,1.55,2.58,1.25,1.85,1.93,1.89,1.96,1.93,2,1.87,1.94,,,7,5.5,1.36,7.5,5.25,1.37,7.5,5,1.3,7.88,5.58,1.37,8,5.5,1.33,7.44,5.64,1.39,8,5.64,1.39,7.54,5.37,1.36,9,5.8,1.39,1.41,2.7,1.49,2.73,1.52,2.75,1.46,2.65,1.52,2.86,1.5,1.88,2.02,1.88,2.03,1.92,2.06,1.84,1.99,1.91,2.04
N1,20/10/2024,15:45,Zwolle,NAC Breda,1,2,A,0,0,D,10,12,3,5,7,6,7,4,1,2,0,0,1.91,3.5,4.1,1.98,3.6,3.7,1.95,3.5,3.8,1.93,3.66,3.82,1.95,3.6,3.6,1.94,3.75,3.72,1.98,3.75,4.1,1.93,3.62,3.75,1.97,3.7,4.2,1.8,2,1.76,2.08,1.89,2.15,1.77,2.05,1.81,2.04,-0.5,1.95,1.95,1.94,1.91,1.99,1.97,1.94,1.89,,,1.87,3.4,4.2,1.95,3.4,3.9,1.91,3.3,4.1,1.97,3.54,4.1,1.91,3.6,3.75,1.96,3.49,4.3,1.98,3.6,4.3,1.95,3.47,3.96,2.02,3.55,4.4,1.95,1.9,1.94,1.94,2.08,1.96,1.92,1.88,1.98,1.99,-0.5,1.98,1.92,1.98,1.93,2,1.94,1.96,1.88,2.02,1.97
N1,25/10/2024,19:00,Almere City,Nijmegen,1,0,H,0,0,D,11,15,3,4,16,13,4,8,1,1,0,0,2.9,3.2,2.5,2.95,3.3,2.37,2.88,3.25,2.5,3,3.35,2.49,2.8,3.4,2.4,2.9,3.42,2.41,3.01,3.42,2.52,2.91,3.3,2.45,3.05,3.4,2.6,2,1.85,2.03,1.87,2.05,1.88,1.97,1.83,2.08,1.9,0.25,1.7,2.1,1.79,2.14,1.8,2.16,1.75,2.08,1.8,2.22,3.1,3.2,2.4,2.9,3.3,2.4,2.9,3.2,2.4,3.06,3.38,2.44,2.8,3.4,2.4,3.28,3.26,2.38,3.28,3.45,2.51,2.98,3.32,2.4,3.1,3.4,2.56,2,1.85,2.03,1.86,2.07,1.9,1.97,1.83,2.06,1.92,0.25,1.82,2.08,1.83,2.1,1.86,2.13,1.8,2.05,1.84,2.18
N1,26/10/2024,15:30,For Sittard,Groningen,1,0,H,0,0,D,9,8,3,3,15,12,6,3,1,3,0,0,2.05,3.5,3.5,2.1,3.4,3.5,2.05,3.3,3.5,2.1,3.32,3.65,2.1,3.4,3.3,2.1,3.48,3.46,2.16,3.5,3.69,2.1,3.38,3.5,2.12,3.6,3.75,2.05,1.8,2.07,1.81,2.09,1.85,2.02,1.79,2.16,1.84,-0.25,1.82,2.08,1.82,2.07,1.85,2.12,1.8,2.02,1.84,2.13,2.05,3.4,3.6,2.05,3.3,3.75,2.05,3.2,3.75,2.1,3.29,3.94,2,3.4,3.7,2.11,3.5,3.7,2.11,3.5,4,2.05,3.33,3.77,2.16,3.45,3.95,2.15,1.67,2.19,1.73,2.35,1.77,2.13,1.7,2.28,1.76,-0.5,2.05,1.72,2.11,1.81,2.11,1.84,2.04,1.8,2.16,1.84
N1,26/10/2024,17:45,PSV Eindhoven,Zwolle,6,0,H,2,0,H,21,4,9,2,7,9,9,4,0,0,0,1,1.09,12,19,1.09,13,21,1.06,14,23,1.07,14.29,20.08,1.06,11,29,1.08,11.7,28,1.09,17,29,1.07,12.86,22.84,1.09,16,30,1.2,4.33,1.17,4.98,1.2,5.1,1.18,4.47,1.2,2.68,-2.75,1.87,2.03,1.84,2,1.91,2.05,1.83,1.98,1.71,1.86,1.13,9.5,15,1.14,10,15.5,1.08,10,21,1.12,10.97,17.75,1.1,9,19,1.14,10.8,17.6,1.14,11.5,21,1.12,10.05,17.52,1.13,11.5,26,1.22,4.2,1.21,4.66,1.26,4.66,1.22,4.18,1.26,4.7,-2.5,1.95,1.95,1.96,1.93,1.98,1.99,1.93,1.91,2,1.96
N1,26/10/2024,19:00,NAC Breda,Waalwijk,4,1,H,2,1,H,21,8,11,2,7,19,6,2,2,3,0,1,1.85,4.1,3.6,1.93,3.7,3.75,1.85,3.75,3.9,1.86,3.78,3.99,1.85,3.7,3.8,1.89,3.75,3.91,1.93,4.1,4.1,1.88,3.75,3.88,1.92,3.9,4.2,1.75,2.05,1.81,2.04,1.85,2.1,1.79,2.01,1.83,2.1,-0.5,1.9,2,1.88,1.99,1.95,2.02,1.89,1.95,1.96,2,1.62,4,5,1.66,3.9,5.25,1.65,3.9,5,1.65,4.02,5.46,1.65,3.9,4.8,1.7,4.15,4.99,1.7,4.15,5.46,1.66,3.94,5,1.71,4.1,5.6,1.75,2.05,1.81,2.08,1.9,2.08,1.8,2,1.88,2.1,-0.75,1.85,2.05,1.85,2.07,1.89,2.08,1.84,1.99,1.92,2.07
N1,26/10/2024,20:00,Heerenveen,Sparta Rotterdam,2,0,H,1,0,H,13,8,6,4,14,9,6,4,4,1,0,0,2.55,3.4,2.7,2.45,3.6,2.65,2.5,3.5,2.63,2.46,3.66,2.7,2.45,3.6,2.6,2.46,3.7,2.64,2.6,3.75,2.72,2.47,3.59,2.66,2.5,3.85,2.8,1.6,2.3,1.62,2.35,1.64,2.41,1.6,2.32,1.58,2.46,0,1.85,2.05,1.85,2.03,1.87,2.05,1.85,1.99,1.93,2.05,2.3,3.6,2.9,2.3,3.7,2.85,2.3,3.6,2.9,2.33,3.68,3.01,2.25,3.7,2.8,2.36,3.69,2.98,2.36,3.8,3.05,2.29,3.65,2.92,2.4,3.8,3.1,1.57,2.35,1.61,2.44,1.62,2.45,1.58,2.36,1.65,2.5,-0.25,2.03,1.87,2.04,1.88,2.05,1.89,1.99,1.85,2.08,1.91
N1,27/10/2024,11:15,Utrecht,Feyenoord,0,2,A,0,1,A,4,13,1,7,13,8,2,8,3,2,0,0,4.1,3.9,1.8,3.8,3.7,1.88,3.9,3.8,1.85,3.93,3.89,1.85,3.9,3.9,1.8,3.85,3.88,1.88,4.1,3.93,1.92,3.9,3.79,1.85,4.1,4,1.93,1.67,2.15,1.69,2.19,1.74,2.25,1.68,2.15,1.71,2.24,0.5,2.03,1.87,2,1.85,2.05,1.9,1.99,1.85,2.03,1.93,4,3.8,1.85,3.9,3.6,1.9,4,3.6,1.85,4.15,3.8,1.88,3.75,3.75,1.85,4.13,3.82,1.9,4.15,3.86,1.92,3.94,3.74,1.88,4.3,3.9,1.94,1.67,2.15,1.7,2.24,1.77,2.31,1.69,2.17,1.75,2.3,0.5,2.02,1.88,2.02,1.89,2.04,1.92,1.96,1.88,2.05,1.94
N1,27/10/2024,13:30,Twente,Heracles,5,0,H,2,0,H,21,4,9,1,11,12,5,2,0,0,0,0,1.22,7,11,1.23,6.75,11,1.2,7,12,1.2,7.03,11.29,1.2,6.5,12,1.22,6.8,12,1.23,7.3,12.5,1.21,6.82,11.62,1.26,7.4,12.5,1.4,2.88,1.39,2.95,1.4,3.15,1.38,2.88,1.43,3.05,-2,2.04,1.86,1.99,1.85,2.12,1.87,2,1.82,,,1.22,7,11,1.22,7,11.5,1.2,6.5,13,1.23,6.98,11.39,1.22,6.5,11,1.25,7.2,10.9,1.25,7.2,13,1.22,6.77,11.45,1.24,7.2,15.5,1.44,2.7,1.42,2.94,1.46,3.05,1.41,2.86,1.45,3.1,-1.75,1.83,2.07,1.84,2.06,1.89,2.08,1.83,2.01,1.85,2.12
N1,27/10/2024,15:45,Ajax,Willem II,1,0,H,1,0,H,11,3,7,2,10,11,4,1,1,0,0,0,1.29,6,9.5,1.31,5.75,9.25,1.29,5.5,9.5,1.28,5.8,8.96,1.25,5.8,10,1.28,5.85,9.9,1.31,6.25,10.5,1.28,5.77,9.27,1.29,6.8,10.5,1.53,2.4,1.55,2.49,1.57,2.6,1.52,2.46,1.58,2.46,-1.5,1.78,2.03,1.79,2.06,1.86,2.13,1.81,2.01,,,1.38,5,7.5,1.4,4.8,7.5,1.33,4.75,9,1.37,5.17,8.55,1.36,4.75,8,1.41,5.13,7.98,1.41,5.22,9,1.38,4.96,7.97,1.39,5.3,10,1.7,2.1,1.72,2.22,1.77,2.25,1.7,2.15,1.78,2.22,-1.25,1.88,2.02,1.88,2.03,1.94,2.1,1.85,1.99,1.92,2.03
N1,27/10/2024,19:00,AZ Alkmaar,Go Ahead Eagles,2,2,D,1,0,H,13,10,6,3,9,6,4,6,3,2,0,0,1.53,4.2,6,1.53,4.4,5.75,1.5,4.2,5.5,1.52,4.45,5.76,1.5,4.33,5.8,1.55,4.4,5.6,1.55,4.5,6,1.52,4.35,5.7,1.54,4.5,6.4,1.67,2.15,1.66,2.24,1.71,2.27,1.65,2.21,1.7,2.26,-1,1.91,1.99,1.88,1.98,1.95,2.01,1.87,1.95,,,1.7,3.8,5,1.7,3.9,4.8,1.67,3.75,4.75,1.72,3.91,4.96,1.65,3.9,5,1.71,3.87,5.28,1.73,4.1,5.28,1.68,3.89,4.92,1.76,4,5.3,1.75,2.05,1.81,2.08,1.83,2.17,1.76,2.07,1.83,2.18,-0.75,1.95,1.95,1.95,1.95,1.96,2.01,1.88,1.95,1.96,2.01
N1,30/10/2024,17:00,Feyenoord,Ajax,0,2,A,0,2,A,15,8,2,4,15,13,3,4,4,2,0,0,1.95,3.5,3.9,1.95,3.9,3.5,1.91,3.75,3.7,1.98,3.69,3.64,1.95,3.7,3.5,1.98,3.72,3.6,2.02,3.9,3.9,1.98,3.68,3.58,2,3.9,3.9,1.62,2.25,1.65,2.28,1.66,2.42,1.6,2.29,1.64,2.42,-0.5,2.01,1.89,2,1.88,2.05,1.94,1.98,1.86,2,1.95,2,3.4,3.8,2.05,3.5,3.5,2,3.4,3.6,2.05,3.6,3.73,2,3.6,3.4,2.01,3.49,4.06,2.08,3.71,4.06,2.02,3.53,3.62,2.06,3.7,3.95,1.65,2.2,1.68,2.29,1.7,2.32,1.65,2.22,1.72,2.36,-0.5,2.04,1.86,2.06,1.85,2.1,1.89,2.03,1.82,2.08,1.91
N1,02/11/2024,15:30,Willem II,Twente,0,1,A,0,0,D,8,19,1,6,10,12,4,6,4,1,0,0,5.75,3.6,1.65,5.25,3.8,1.65,5.5,3.75,1.6,5.27,3.82,1.66,5.5,3.75,1.62,5.25,3.76,1.68,5.75,3.95,1.71,5.25,3.79,1.66,6.2,3.95,1.68,1.98,1.88,1.98,1.87,2.02,1.9,1.95,1.85,1.97,1.84,0.75,2.05,1.85,2.01,1.87,2.09,1.88,1.98,1.84,2.1,1.83,5.5,3.6,1.7,5.25,3.75,1.66,5.5,3.7,1.62,5.52,3.76,1.7,5,3.75,1.65,5.86,3.67,1.7,5.86,3.9,1.74,5.24,3.73,1.68,6,3.95,1.72,2.03,1.83,2.02,1.87,2.13,1.89,1.96,1.83,2.06,1.91,0.75,1.99,1.91,2,1.91,2,1.93,1.95,1.87,2.07,1.92
N1,02/11/2024,17:45,Ajax,PSV Eindhoven,3,2,H,1,1,D,21,12,8,4,9,14,6,1,2,3,0,0,2.88,3.75,2.25,2.85,3.7,2.3,2.9,3.6,2.2,2.9,3.62,2.33,2.8,3.7,2.25,2.88,3.8,2.26,3,3.8,2.35,2.89,3.66,2.29,3.15,3.85,2.34,1.57,2.35,1.59,2.41,1.6,2.5,1.55,2.39,1.58,2.38,0.25,1.87,2.03,1.83,2.05,1.9,2.07,1.83,1.98,1.94,2.03,2.55,3.75,2.5,2.65,3.6,2.45,2.63,3.5,2.5,2.68,3.7,2.57,2.5,3.7,2.5,2.62,3.85,2.57,2.82,3.85,2.57,2.64,3.62,2.51,2.78,3.8,2.64,1.53,2.4,1.57,2.54,1.58,2.55,1.54,2.47,1.58,2.64,0,2,1.9,2,1.91,2.02,1.95,1.96,1.91,2.04,1.95
N1,02/11/2024,17:45,Heracles,NAC Breda,2,0,H,1,0,H,11,11,3,4,16,12,2,5,1,1,0,0,2.4,3.3,3,2.4,3.4,2.85,2.3,3.3,2.9,2.35,3.48,2.97,2.3,3.5,2.88,2.35,3.52,2.91,2.42,3.56,3.05,2.36,3.43,2.93,2.38,3.45,3.2,1.85,2,1.85,2,1.9,2.04,1.84,1.96,1.77,2.06,-0.25,2.07,1.83,2.05,1.83,2.09,1.85,2.01,1.8,2.05,1.86,2.2,3.4,3.25,2.15,3.4,3.3,2.2,3.25,3.3,2.22,3.4,3.45,2.2,3.4,3.1,2.2,3.49,3.45,2.26,3.49,3.45,2.2,3.37,3.29,2.3,3.45,3.5,1.95,1.9,1.96,1.93,1.99,1.94,1.92,1.88,2.02,1.96,-0.25,1.9,2,1.92,1.99,1.94,2.04,1.89,1.94,1.98,2.01
N1,02/11/2024,20:00,Feyenoord,AZ Alkmaar,3,2,H,0,1,A,16,9,4,5,12,11,10,0,0,0,0,0,1.67,3.8,5.25,1.66,3.9,5,1.62,3.9,5,1.65,4,5.04,1.62,3.9,5,1.68,3.72,5.35,1.69,4,5.35,1.66,3.87,5.03,1.7,4.1,5.7,1.7,2.1,1.75,2.11,1.77,2.17,1.72,2.1,1.72,2.14,-0.75,1.87,2.03,1.85,2.03,1.88,2.06,1.83,1.98,1.87,2.04,1.67,3.7,5.5,1.63,4,5.25,1.57,3.8,5,1.67,3.9,5.48,1.57,3.9,5.5,1.69,3.78,5.82,1.7,4.1,6,1.64,3.85,5.41,1.7,4.1,5.8,1.83,2.03,1.85,2.04,1.97,2.11,1.83,1.97,1.87,2.12,-0.75,1.86,2.04,1.87,2.04,1.9,2.12,1.82,2.02,1.87,2.14
N1,02/11/2024,20:00,For Sittard,Heerenveen,3,0,H,1,0,H,6,11,3,2,8,10,1,8,0,0,0,0,2.05,3.4,3.75,2.15,3.4,3.3,2.1,3.4,3.4,2.09,3.54,3.46,2.1,3.3,3.4,2.14,3.38,3.46,2.17,3.58,3.75,2.1,3.45,3.44,2.1,3.55,3.75,1.93,1.93,1.91,1.94,1.95,1.97,1.89,1.91,1.92,1.95,-0.25,1.73,2.08,1.83,2.06,1.84,2.12,1.79,2.02,1.83,2.12,2.15,3.3,3.4,2.1,3.4,3.5,2.05,3.3,3.6,2.18,3.37,3.59,2.1,3.4,3.3,2.17,3.4,3.63,2.21,3.53,3.8,2.12,3.4,3.5,2.22,3.45,3.75,1.93,1.93,1.97,1.92,1.99,1.97,1.9,1.9,2.02,1.97,-0.25,1.89,2.01,1.88,2.03,1.89,2.14,1.81,2.03,1.9,2.07
N1,03/11/2024,11:15,Go Ahead Eagles,Zwolle,2,2,D,0,2,A,16,5,6,3,12,12,9,5,1,1,0,0,1.62,4,5.5,1.66,4.1,4.75,1.6,4,5,1.61,4.17,5.09,1.62,4,5,1.66,3.95,5.1,1.66,4.2,5.5,1.63,4.05,5.01,1.64,3.95,5.9,1.67,2.15,1.66,2.25,1.71,2.29,1.66,2.21,1.66,2.2,-1,2.08,1.82,2.07,1.8,2.14,1.82,2.07,1.79,,,1.55,4.2,6,1.53,4.4,5.75,1.5,4.2,6,1.56,4.31,6.13,1.5,4.4,5.8,1.6,4.28,5.88,1.6,4.55,6.8,1.53,4.31,6.01,1.58,4.5,6.6,1.62,2.25,1.64,2.29,1.7,2.36,1.64,2.25,1.7,2.34,-1,1.91,1.99,1.92,1.99,1.97,2.06,1.87,1.96,1.93,2.02
N1,03/11/2024,13:30,Nijmegen,Groningen,6,0,H,3,0,H,14,6,6,1,17,15,1,4,1,3,0,0,1.85,3.3,4.75,1.88,3.5,4.2,1.85,3.3,4.33,1.87,3.51,4.32,1.83,3.6,4,1.87,3.7,4.06,1.9,3.7,4.75,1.87,3.49,4.2,1.87,3.6,4.8,1.93,1.93,1.9,1.93,1.99,1.97,1.89,1.9,1.95,1.95,-0.5,1.88,2.02,1.88,1.98,1.92,2.04,1.87,1.96,,,2.05,3.1,4.1,2.05,3.3,3.7,2,3.1,3.7,2.09,3.33,3.91,2,3.4,3.6,2.11,3.18,4.14,2.11,3.45,4.14,2.05,3.29,3.82,2.14,3.4,4,2.05,1.8,2.08,1.81,2.14,1.85,2.02,1.79,2.12,1.86,-0.25,1.73,2.08,1.79,2.13,1.83,2.16,1.77,2.09,1.83,2.18
N1,03/11/2024,13:30,Sparta Rotterdam,Utrecht,1,4,A,0,1,A,10,14,3,4,14,10,4,4,1,1,1,0,2.63,3.5,2.55,2.6,3.5,2.6,2.63,3.3,2.6,2.69,3.44,2.58,2.6,3.5,2.5,2.62,3.52,2.57,2.69,3.52,2.65,2.63,3.43,2.58,2.82,3.4,2.72,1.85,2,1.84,2.01,1.87,2.05,1.82,1.98,1.81,2.02,0,2,1.9,1.97,1.88,2.04,1.92,1.95,1.89,,,2.7,3.5,2.5,2.7,3.4,2.55,2.63,3.2,2.5,2.8,3.46,2.58,2.62,3.5,2.5,2.86,3.58,2.48,2.86,3.58,2.63,2.71,3.42,2.54,2.86,3.5,2.72,1.88,1.98,1.88,2,1.99,2,1.86,1.94,1.95,2,0,2.03,1.87,2.04,1.88,2.06,1.91,2.01,1.86,2.04,1.94
N1,03/11/2024,15:45,Waalwijk,Almere City,2,0,H,1,0,H,11,8,3,0,11,9,4,4,0,0,0,0,2.75,3.3,2.6,2.8,3.4,2.45,2.75,3.3,2.45,2.75,3.37,2.57,2.7,3.3,2.5,2.77,3.32,2.54,2.8,3.4,2.6,2.74,3.34,2.52,2.88,3.5,2.58,1.8,2,1.82,2.03,1.86,2.08,1.8,2,1.81,1.99,0,2.02,1.88,2,1.86,2.05,1.89,1.99,1.84,,,2.7,3.3,2.62,2.75,3.4,2.5,2.7,3.3,2.5,2.77,3.46,2.61,2.62,3.4,2.5,2.76,3.38,2.69,2.8,3.46,2.69,2.72,3.35,2.58,2.84,3.5,2.7,1.85,2,1.85,2.04,1.91,2.05,1.83,1.98,1.88,2.08,0,2,1.9,2.01,1.89,2.02,1.92,1.99,1.88,2.08,1.9
N1,08/11/2024,19:00,Utrecht,Heracles,1,0,H,0,0,D,19,10,6,2,11,13,4,8,0,1,0,0,1.44,4.75,7,1.44,4.6,7,1.4,4.5,8,1.43,4.84,7.48,1.4,4.5,7.5,1.44,4.65,7,1.45,4.9,8,1.43,4.64,7.14,1.46,4.9,8.6,1.7,2.1,1.75,2.16,1.78,2.19,1.72,2.11,1.79,2.24,-1.25,2,1.9,2,1.91,2.07,1.92,1.97,1.84,2.04,1.91,1.5,4.5,6.25,1.49,4.5,6,1.44,4.33,7,1.49,4.58,6.84,1.44,4.4,6.5,1.51,4.58,6.59,1.52,4.6,7.5,1.47,4.47,6.6,1.5,4.7,7.8,1.67,2.15,1.72,2.21,1.77,2.28,1.69,2.17,1.73,2.32,-1,1.82,2.08,1.82,2.11,1.85,2.14,1.78,2.08,1.82,2.17
N1,09/11/2024,15:30,Groningen,Sparta Rotterdam,1,0,H,1,0,H,8,11,5,3,9,11,4,5,1,2,0,0,2.63,3.3,2.7,2.6,3.4,2.65,2.63,3.3,2.63,2.64,3.4,2.66,2.6,3.4,2.6,2.6,3.48,2.61,2.69,3.48,2.71,2.62,3.36,2.65,2.74,3.45,2.76,1.85,2,1.85,2,1.93,2.04,1.85,1.94,1.87,1.98,0,1.92,1.98,1.93,1.94,1.94,2,1.9,1.94,1.95,1.97,2.45,3.2,3,2.5,3.2,2.85,2.4,3.1,2.8,2.52,3.31,2.99,2.45,3.3,2.8,2.58,3.27,2.97,2.58,3.32,3.05,2.48,3.23,2.92,2.62,3.35,3.05,2.05,1.75,2.09,1.81,2.24,1.81,2.08,1.75,2.2,1.82,-0.25,2.09,1.81,2.15,1.77,2.19,1.81,2.11,1.75,2.24,1.78
N1,09/11/2024,17:45,Zwolle,For Sittard,3,1,H,0,1,A,14,14,4,5,13,15,5,7,4,2,1,0,2.63,3.4,2.63,2.6,3.4,2.65,2.63,3.3,2.63,2.69,3.31,2.67,2.62,3.3,2.6,2.65,3.4,2.61,2.75,3.4,2.71,2.65,3.32,2.65,2.8,3.3,2.84,2,1.85,2.02,1.84,2.06,1.89,1.98,1.81,2,1.87,0,1.95,1.95,1.94,1.93,1.95,1.99,1.91,1.92,1.96,1.99,2.5,3.4,2.75,2.5,3.25,2.8,2.5,3.1,2.88,2.59,3.31,2.9,2.5,3.3,2.7,2.6,3.5,2.78,2.6,3.5,2.94,2.52,3.29,2.83,2.62,3.35,3,2.05,1.8,2.07,1.83,2.14,1.88,2.02,1.8,2.1,1.86,0,1.85,2.05,1.85,2.07,1.88,2.07,1.84,2.03,1.85,2.14
N1,09/11/2024,19:00,NAC Breda,PSV Eindhoven,0,3,A,0,2,A,11,20,3,10,13,9,5,9,2,2,0,0,8.5,7,1.27,10,6.25,1.26,10.5,6.5,1.22,9.79,6.28,1.25,11,6,1.22,9.9,6.1,1.27,11,7,1.28,9.92,6.27,1.26,11.5,7.4,1.26,1.44,2.7,1.43,2.83,1.47,2.92,1.42,2.77,1.47,2.86,1.75,1.95,1.95,1.93,1.92,2,1.98,1.9,1.9,1.94,1.93,7,5.75,1.36,8,5.25,1.35,8.5,4.75,1.29,8.92,5.5,1.35,8,5.5,1.33,7.39,5.86,1.38,8.92,5.86,1.39,8.03,5.32,1.35,10,5.6,1.38,1.57,2.35,1.62,2.43,1.68,2.47,1.59,2.34,1.64,2.52,1.5,1.85,2.05,1.86,2.05,1.89,2.1,1.82,2.03,1.89,2.07
N1,09/11/2024,20:00,Waalwijk,Nijmegen,0,3,A,0,0,D,10,20,3,8,6,12,4,10,2,1,1,0,4.2,3.6,1.85,4,3.8,1.83,4.2,3.6,1.8,4.16,3.76,1.83,3.9,3.8,1.8,4.01,3.88,1.84,4.3,3.88,1.88,4.07,3.71,1.83,4.3,3.8,1.93,1.7,2.1,1.75,2.13,1.78,2.2,1.72,2.1,1.74,2.16,0.5,2.03,1.87,2.03,1.85,2.06,1.89,2,1.84,2.02,1.93,3.9,3.6,1.95,3.8,3.6,1.95,3.9,3.6,1.9,4.01,3.61,1.97,3.75,3.6,1.91,3.96,3.66,1.98,4.1,3.7,1.98,3.87,3.6,1.94,4.2,3.8,1.99,1.83,2.03,1.85,2.04,1.91,2.12,1.81,2,1.9,2.1,0.5,1.91,1.99,1.93,1.98,1.95,2.02,1.9,1.94,2,1.99
N1,10/11/2024,11:15,Almere City,Feyenoord,1,4,A,1,2,A,8,20,4,11,14,5,0,9,2,0,0,0,11,4.75,1.3,10,5.75,1.29,11,5.5,1.25,9.33,5.68,1.29,10,5.8,1.25,9.9,5.6,1.3,11,6,1.31,9.89,5.54,1.29,12,5.9,1.29,1.57,2.35,1.61,2.35,1.64,2.41,1.6,2.32,1.63,2.38,1.5,2.02,1.88,1.99,1.86,2.05,1.91,1.97,1.85,1.98,1.84,8,4.5,1.42,6.75,4.6,1.44,8.5,4.6,1.36,8.04,4.61,1.43,7,4.6,1.4,8.45,4.59,1.44,8.5,4.7,1.45,7.62,4.56,1.42,9,5.1,1.43,1.67,2.15,1.75,2.14,1.81,2.21,1.71,2.13,1.78,2.24,1.25,1.93,1.97,1.88,2.03,1.96,2.07,1.87,1.96,1.92,2.05
N1,10/11/2024,13:30,Heerenveen,Go Ahead Eagles,1,0,H,1,0,H,4,12,1,3,11,11,2,6,2,2,0,0,2.35,3.5,2.88,2.4,3.6,2.7,2.4,3.4,2.75,2.42,3.5,2.84,2.3,3.7,2.75,2.39,3.66,2.75,2.48,3.75,2.88,2.39,3.53,2.79,2.36,3.5,2.8,1.67,2.15,1.68,2.21,1.7,2.28,1.66,2.19,1.67,2.28,-0.25,2.06,1.84,2.1,1.76,2.16,1.84,2.06,1.76,2.04,1.79,2.55,3.3,2.75,2.55,3.4,2.7,2.5,3.2,2.63,2.59,3.36,2.86,2.45,3.4,2.7,2.62,3.39,2.83,2.78,3.45,2.86,2.58,3.35,2.72,2.66,3.5,2.9,1.85,2,1.88,2.02,1.91,2.1,1.82,1.99,1.91,2.06,0,1.85,2.05,1.85,2.06,1.9,2.08,1.85,2.02,1.91,2.07
N1,10/11/2024,13:30,Twente,Ajax,2,2,D,1,0,H,17,11,7,6,13,5,5,4,1,1,0,0,2.55,3.4,2.7,2.5,3.5,2.65,2.5,3.4,2.7,2.53,3.65,2.62,2.45,3.6,2.6,2.52,3.64,2.61,2.58,3.71,2.75,2.51,3.54,2.65,2.66,3.7,2.62,1.7,2.1,1.69,2.18,1.75,2.25,1.7,2.14,1.73,2.2,0,1.91,1.99,1.89,1.96,1.93,2.02,1.87,1.97,1.95,1.94,2.8,3.4,2.45,2.8,3.4,2.45,2.7,3.3,2.38,2.88,3.56,2.47,2.8,3.6,2.3,3,3.5,2.43,3,3.6,2.47,2.85,3.48,2.4,2.94,3.6,2.6,1.7,2.1,1.75,2.16,1.79,2.21,1.73,2.11,1.8,2.22,0.25,1.73,2.08,1.78,2.14,1.82,2.17,1.77,2.07,1.79,2.22
N1,10/11/2024,15:45,AZ Alkmaar,Willem II,1,2,A,0,2,A,30,7,3,3,7,10,10,1,0,3,0,0,1.48,4.2,7,1.49,4.5,6.25,1.44,4.33,7,1.46,4.54,6.61,1.44,4.4,6.5,1.47,4.5,6.67,1.49,4.7,7,1.47,4.43,6.56,1.49,4.6,7.4,1.75,2.05,1.76,2.08,1.85,2.14,1.76,2.04,1.79,2.1,-1.25,2.05,1.75,2.04,1.83,2.16,1.84,2.06,1.77,,,1.57,3.9,6.25,1.57,4.1,5.75,1.57,3.9,6,1.62,4.05,5.83,1.57,4,5.5,1.59,3.98,6.61,1.62,4.15,6.61,1.58,3.98,5.8,1.64,4.1,6.4,1.95,1.9,1.97,1.92,1.99,1.93,1.91,1.88,1.98,2,-1,2.05,1.85,2.07,1.85,2.08,1.88,2.02,1.83,2.1,1.88
