Div,Date,Time,HomeTeam,AwayTeam,FTHG,FTAG,FTR,HTHG,HTAG,HTR,Referee,HS,AS,HST,AST,HF,AF,HC,AC,HY,AY,HR,AR,B365H,B365D,B365A,BWH,BWD,BWA,BFH,BFD,BFA,PSH,PSD,PSA,WHH,WHD,WHA,1XBH,1XBD,1XBA,MaxH,MaxD,MaxA,AvgH,AvgD,AvgA,BFEH,BFED,BFEA,B365>2.5,B365<2.5,P>2.5,P<2.5,Max>2.5,Max<2.5,Avg>2.5,Avg<2.5,BFE>2.5,BFE<2.5,AHh,B365AHH,B365AHA,PAHH,PAHA,MaxAHH,MaxAHA,AvgAHH,AvgAHA,BFEAHH,BFEAHA,B365CH,B365CD,B365CA,BWCH,BWCD,BWCA,BFCH,BFCD,BFCA,PSCH,PSCD,PSCA,WHCH,WHCD,WHCA,1XBCH,1XBCD,1XBCA,MaxCH,MaxCD,MaxCA,AvgCH,AvgCD,AvgCA,BFECH,BFECD,BFECA,B365C>2.5,B365C<2.5,PC>2.5,PC<2.5,MaxC>2.5,MaxC<2.5,AvgC>2.5,AvgC<2.5,BFEC>2.5,BFEC<2.5,AHCh,B365CAHH,B365CAHA,PCAHH,PCAHA,MaxCAHH,MaxCAHA,AvgCAHH,AvgCAHA,BFECAHH,BFECAHA
SC0,03/08/2024,12:30,Hearts,Rangers,0,0,D,0,0,D,N Walsh,17,7,3,3,14,11,8,7,3,1,0,0,5,4.33,1.57,5,4.2,1.6,5,4.5,1.55,5.09,4.42,1.61,4.8,4.2,1.6,4.95,4.33,1.62,5.1,4.5,1.62,4.91,4.34,1.59,5.5,4.5,1.66,1.57,2.38,1.59,2.45,1.59,2.45,1.56,2.38,1.56,2.46,0.75,2.1,1.7,2.14,1.76,2.14,1.79,2.09,1.73,2.13,1.78,4.33,4.1,1.67,4.33,4,1.7,4,4,1.73,4.56,4.32,1.71,4.4,4,1.75,4.52,4.23,1.73,4.7,4.33,1.77,4.3,4.11,1.72,4.7,4.4,1.77,1.57,2.38,1.58,2.5,1.6,2.51,1.56,2.39,1.62,2.58,0.75,1.98,1.88,2.01,1.9,2.01,1.95,1.93,1.89,2.01,1.97
SC0,03/08/2024,15:00,Motherwell,Ross County,0,0,D,0,0,D,J Beaton,11,13,6,3,5,13,9,3,0,2,0,0,1.85,3.6,4.1,1.93,3.6,3.6,1.85,3.6,3.9,1.9,3.7,3.92,1.85,3.75,3.75,1.91,3.8,3.78,1.95,3.8,4.1,1.9,3.67,3.8,1.94,3.8,4,1.73,2.1,1.75,2.1,1.81,2.11,1.74,2.07,1.75,2.1,-0.5,1.93,1.93,1.92,1.95,1.95,1.98,1.9,1.92,1.94,1.99,2.25,3.1,3.4,2.25,3.2,3.2,2.2,3.3,3.3,2.32,3.24,3.4,2.2,3.4,3.3,2.25,3.18,3.61,2.32,3.4,3.61,2.25,3.21,3.32,2.32,3.35,3.6,2.1,1.73,2.16,1.75,2.26,1.79,2.11,1.71,2.3,1.75,-0.25,1.95,1.9,1.99,1.92,2.02,1.95,1.92,1.9,1.98,2.01
SC0,04/08/2024,13:30,Dundee United,Dundee,2,2,D,2,1,H,D Dickinson,9,10,5,6,7,6,5,6,2,0,0,0,2.38,3.25,3,2.3,3.4,2.85,2.38,3.3,2.9,2.36,3.44,2.98,2.25,3.4,3,2.4,3.3,3.01,2.4,3.5,3.03,2.34,3.37,2.96,2.46,3.6,2.98,1.88,1.98,1.86,1.98,1.91,2.04,1.85,1.94,1.87,1.99,-0.25,2.05,1.8,2.05,1.81,2.11,1.85,2.01,1.8,2.12,1.83,2.38,3.1,3.1,2.37,3.2,2.95,2.3,3.25,3,2.49,3.16,3.18,2.45,3.1,3.1,2.46,3.18,3.18,2.49,3.3,3.18,2.41,3.19,3.04,2.52,3.3,3.25,2.1,1.73,2.19,1.73,2.21,1.85,2.09,1.73,2.2,1.81,-0.25,2.05,1.8,2.12,1.81,2.14,1.84,2.04,1.78,2.14,1.86
SC0,04/08/2024,15:00,St Mirren,Hibernian,3,0,H,0,0,D,M MacDermid,11,14,3,1,9,0,4,8,3,1,0,0,2.45,3.3,2.8,2.37,3.3,2.85,2.45,3.3,2.8,2.47,3.31,2.92,2.38,3.4,2.88,2.44,3.44,2.85,2.5,3.45,2.96,2.44,3.31,2.85,2.6,3.4,2.84,1.98,1.88,1.96,1.88,2.05,1.93,1.94,1.85,,,0,1.8,2.05,1.78,2.1,1.85,2.14,1.79,2.07,1.75,1.99,2.63,3.25,2.6,2.7,3.25,2.5,2.75,3.2,2.55,2.76,3.34,2.69,2.75,3.25,2.62,2.84,3.3,2.63,2.84,3.36,2.69,2.72,3.27,2.59,2.9,3.45,2.7,2,1.85,2.01,1.88,2.04,2,1.96,1.84,2.06,1.9,0,1.93,1.93,1.98,1.93,2.05,1.95,1.97,1.88,2.07,1.92
SC0,04/08/2024,16:30,Celtic,Kilmarnock,4,0,H,2,0,H,D Robertson,20,4,10,2,7,12,10,1,0,2,0,0,1.17,7,17,1.16,8.25,14,1.13,8,18,1.16,8.08,14.35,1.14,7.5,17,1.16,8,14.6,1.18,8.7,18,1.16,7.7,14.8,1.18,9,18,1.36,3.2,1.35,3.16,1.37,3.35,1.34,3.13,1.34,3.3,-2.25,2,1.85,1.99,1.85,2.03,1.93,1.96,1.85,1.82,1.73,1.13,9,19,1.12,9.25,17.5,1.08,10,23,1.12,10.17,21.8,1.12,8.5,21,1.14,9.38,19.8,1.14,10.17,23,1.12,8.94,19.68,1.12,12,36,1.33,3.4,1.35,3.39,1.37,3.56,1.34,3.2,1.37,3.55,-2.5,2,1.85,2,1.88,2.08,1.88,2.01,1.83,2.05,1.92
SC0,05/08/2024,20:00,St Johnstone,Aberdeen,1,2,A,0,1,A,K Clancy,18,21,8,10,11,13,12,7,2,1,0,0,3.1,3.1,2.38,2.85,3.3,2.35,2.9,3.3,2.3,3,3.33,2.4,2.9,3.4,2.3,2.96,3.4,2.38,3.1,3.41,2.43,2.95,3.32,2.36,3.15,3.45,2.24,2.03,1.83,2.02,1.83,2.07,1.83,1.99,1.79,,,0.25,1.8,2.05,1.8,2.07,1.84,2.14,1.79,2.01,,,3.9,3.6,1.9,1.9,3.5,1.88,4.2,3.5,1.85,4.14,3.7,1.91,4.33,3.4,1.91,3.99,3.68,1.94,4.33,3.7,1.99,4.01,3.57,1.9,4.5,3.75,1.94,1.88,1.98,1.88,2.01,1.93,2.13,1.85,1.94,1.96,2.02,0.5,1.95,1.9,1.98,1.93,1.99,1.96,1.93,1.89,2.06,1.93
SC0,10/08/2024,15:00,Rangers,Motherwell,2,1,H,2,1,H,K Clancy,19,7,9,1,9,8,6,4,2,0,0,0,1.2,7,11,1.21,6.75,12,1.2,7,12,1.2,7.16,11.19,1.22,6.5,13,1.22,6.85,12,1.22,7.7,13,1.21,6.84,11.67,1.25,7.2,13.5,1.4,3,1.38,3.01,1.41,3.1,1.38,2.93,1.43,3.1,-2,2,1.85,1.97,1.88,2.06,1.91,1.96,1.86,1.99,1.86,1.2,7.5,11,1.19,7.25,13,1.13,7,14,1.18,7.93,14.32,1.22,6.5,13,1.2,8.28,12.6,1.22,8.28,15,1.19,7.15,12.86,1.19,8.6,20,1.36,3.2,1.4,3.04,1.43,3.2,1.4,2.89,1.44,3.1,-2,1.93,1.93,1.89,2,2,2,1.9,1.92,1.88,2.01
SC0,10/08/2024,15:00,Ross County,Dundee United,1,1,D,0,0,D,C Napier,21,12,5,2,11,13,7,5,1,2,0,0,2.55,3.25,2.75,2.5,3.3,2.7,2.6,3.3,2.7,2.59,3.33,2.75,2.5,3.3,2.88,2.54,3.4,2.73,2.62,3.4,2.88,2.56,3.31,2.73,2.66,3.4,2.8,2.05,1.8,2.02,1.84,2.09,1.87,1.99,1.8,2.06,1.84,0,1.85,2,1.88,2,1.89,2.02,1.85,1.98,1.9,2,3.25,3.4,2.2,3.1,3.3,2.2,3.2,3.25,2.1,3.39,3.52,2.2,3.3,3.4,2.2,3.31,3.46,2.25,3.39,3.52,2.35,3.23,3.39,2.19,3.45,3.6,2.28,1.93,1.93,1.97,1.92,1.98,1.93,1.93,1.86,2.04,1.94,0.25,1.98,1.88,2,1.91,2.01,2,1.93,1.88,2,1.96
SC0,10/08/2024,17:30,Dundee,Hearts,3,1,H,3,0,H,D Robertson,11,14,6,3,8,12,2,10,3,4,0,0,3.2,3.4,2.2,3,3.5,2.15,3,3.5,2.2,3.15,3.64,2.18,3.2,3.6,2.2,3.13,3.68,2.17,3.21,3.73,2.25,3.11,3.57,2.18,3.2,3.75,2.26,1.73,2.1,1.69,2.2,1.73,2.25,1.68,2.16,1.69,2.22,0.25,1.93,1.93,1.95,1.92,1.97,2,1.91,1.89,1.96,1.96,3.1,3.4,2.25,2.95,3.5,2.25,2.88,3.4,2.2,3.06,3.64,2.32,3,3.5,2.3,3.18,3.48,2.3,3.18,3.64,2.32,2.99,3.49,2.27,3.15,3.7,2.38,1.73,2.1,1.74,2.18,1.76,2.2,1.72,2.1,1.79,2.22,0.25,1.85,2,1.88,2.02,1.88,2.04,1.85,1.96,1.92,2.07
SC0,11/08/2024,12:30,Hibernian,Celtic,0,2,A,0,2,A,N Walsh,4,19,0,7,11,10,3,5,2,1,0,0,9,5,1.33,7.25,5,1.36,8.5,5.5,1.3,8.12,5.31,1.34,8.5,5,1.36,7.8,5.35,1.36,9,5.5,1.38,7.84,5.14,1.35,9.4,6.2,1.36,1.5,2.63,1.47,2.7,1.5,2.7,1.46,2.6,1.5,2.78,1.5,1.88,1.98,1.88,1.97,1.91,2.02,1.85,1.97,1.96,1.96,8.5,5.5,1.3,8.25,5.75,1.3,8,5.5,1.25,9.04,5.99,1.3,9.5,5.8,1.3,9.28,5.79,1.33,10,6.16,1.33,8.71,5.72,1.3,9.8,6.4,1.34,1.4,3,1.39,3.08,1.41,3.35,1.38,2.98,1.44,3.25,1.5,2.03,1.83,2.06,1.82,2.09,1.83,2.02,1.8,2.07,1.9
SC0,11/08/2024,15:00,Aberdeen,St Mirren,3,1,H,1,1,D,G Irvine,11,10,3,5,15,14,6,2,2,3,0,0,1.95,3.5,3.75,1.93,3.3,3.9,1.91,3.4,4,1.92,3.43,4.16,2,3.4,4,1.94,3.5,4.01,2,3.5,4.2,1.93,3.43,3.98,1.93,3.5,4.1,2.1,1.73,2.1,1.75,2.21,1.76,2.11,1.71,2.16,1.73,-0.5,1.95,1.9,1.93,1.93,1.99,1.98,1.92,1.89,1.92,1.84,1.7,3.75,5,1.73,3.6,4.5,1.62,3.6,4.75,1.72,3.85,5.13,1.73,3.75,4.8,1.73,3.82,5.09,1.79,3.85,5.13,1.72,3.7,4.74,1.75,4,5.5,1.93,1.93,1.93,1.95,1.96,2,1.89,1.89,2.02,1.97,-0.75,2.05,1.8,1.94,1.96,2.05,2,1.91,1.89,1.96,2.02
SC0,11/08/2024,15:00,Kilmarnock,St Johnstone,0,3,A,0,2,A,C Graham,14,12,2,7,14,14,4,4,3,4,1,0,1.73,3.75,4.5,1.75,3.5,4.6,1.73,3.8,4.5,1.79,3.52,4.72,1.83,3.5,4.6,1.81,3.64,4.49,1.85,3.8,4.8,1.78,3.59,4.51,1.79,3.85,5,2.1,1.73,2.08,1.77,2.21,1.78,2.08,1.74,,,-0.75,2.03,1.83,2.05,1.81,2.12,1.89,2.02,1.8,1.91,1.79,1.57,4.2,5,1.58,4,5.25,1.53,3.9,5.5,1.61,4.13,5.76,1.65,3.9,5.5,1.63,4.35,5.18,1.7,4.35,5.76,1.6,4.02,5.29,1.65,4.2,6.2,1.8,2,1.85,2.05,1.89,2.09,1.81,1.98,1.9,2.08,-0.75,1.73,2.08,1.78,2.15,1.9,2.15,1.76,2.07,1.82,2.18
SC0,24/08/2024,15:00,Dundee United,St Johnstone,2,0,H,0,0,D,D Robertson,3,10,2,1,14,11,2,6,2,2,0,1,1.9,3.7,3.75,1.93,3.5,3.7,1.91,3.75,3.75,1.9,3.55,4.08,1.95,3.5,4,1.92,3.62,3.92,2,3.75,4.08,1.91,3.57,3.87,1.96,3.65,4.1,1.98,1.88,1.98,1.87,2.02,1.93,1.93,1.85,2.04,1.92,-0.5,1.9,1.95,1.92,1.95,2,1.97,1.9,1.91,1.96,1.94,1.75,3.9,4.2,1.75,3.7,4.33,1.73,3.75,4.6,1.76,3.85,4.83,1.8,3.6,4.75,1.8,4.01,4.32,1.84,4.01,5,1.77,3.74,4.44,1.83,3.95,4.8,1.88,1.98,1.93,1.96,1.97,2.02,1.89,1.91,1.95,2.04,-0.75,2,1.85,2,1.91,2.08,1.92,1.99,1.83,2.07,1.9
SC0,24/08/2024,15:00,Hibernian,Dundee,2,2,D,1,1,D,C Steven,13,9,2,5,14,15,5,4,4,4,0,0,2.1,3.5,3.3,2,3.6,3.3,2.1,3.6,3.3,2.1,3.72,3.28,2.15,3.6,3.3,2.1,3.7,3.28,2.11,3.72,3.3,2.08,3.62,3.25,2.2,3.75,3.5,1.73,2.1,1.73,2.15,1.73,2.2,1.7,2.12,1.74,2.22,-0.25,1.83,2.03,1.85,2.03,1.88,2.06,1.82,2,1.9,2.06,2.05,3.5,3.4,2,3.6,3.4,2,3.6,3.4,2.08,3.75,3.58,2.1,3.6,3.4,2.01,3.71,3.71,2.12,3.75,3.71,2.04,3.63,3.42,2.1,3.85,3.7,1.73,2.1,1.74,2.18,1.8,2.21,1.71,2.12,1.76,2.26,-0.5,2.05,1.75,2.09,1.83,2.12,1.88,2.04,1.79,2.1,1.89
SC0,24/08/2024,15:00,Rangers,Ross County,6,0,H,2,0,H,R Hardie,17,4,9,2,10,12,5,0,1,3,0,0,1.18,7,13,1.19,7.25,12,1.17,7,13,1.18,7.39,13.46,1.2,6.5,15,1.2,7.2,13,1.21,7.39,15,1.18,7.07,12.97,1.2,8,16.5,1.4,3,1.4,2.97,1.4,3.1,1.38,2.95,1.42,3.1,-2,1.88,1.98,1.87,1.99,1.92,2.02,1.87,1.95,1.89,2,1.14,8,15,1.16,8,14,1.13,8.5,15,1.16,8.4,16.98,1.17,7.5,17,1.17,8,14.5,1.18,8.6,17,1.15,7.95,15.2,1.17,9.8,21,1.36,3.2,1.37,3.17,1.37,3.32,1.34,3.13,1.38,3.5,-2.25,1.98,1.88,2.01,1.88,2.01,1.96,1.95,1.86,2.02,1.94
SC0,25/08/2024,12:00,St Mirren,Celtic,0,3,A,0,2,A,C Graham,3,21,1,8,12,7,2,10,2,1,0,0,8.5,6,1.29,9.25,5.75,1.28,10.5,6,1.22,9.66,5.89,1.27,10,5.5,1.3,9.3,5.8,1.3,10.5,6.2,1.3,9.43,5.8,1.28,11,6.4,1.3,1.5,2.63,1.48,2.62,1.5,2.66,1.47,2.59,1.47,2.72,1.5,2.05,1.75,2.06,1.78,2.08,1.88,2.04,1.79,2.02,1.75,11,6.5,1.22,12.5,6.5,1.21,15,7,1.17,13.94,6.68,1.22,15,6.5,1.2,11.6,7.11,1.24,15,7.11,1.24,12.45,6.55,1.21,18.5,7.8,1.22,1.53,2.5,1.56,2.53,1.56,2.7,1.5,2.54,1.58,2.68,1.75,2.03,1.83,2.04,1.85,2.08,1.91,2,1.82,2.06,1.89
SC0,25/08/2024,15:00,Aberdeen,Kilmarnock,2,0,H,1,0,H,M MacDermid,12,7,3,2,14,12,8,6,3,0,0,1,1.73,3.5,5.25,1.78,3.6,4.33,1.67,3.7,5,1.72,3.77,4.83,1.75,3.8,4.6,1.75,3.82,4.63,1.78,3.84,5.25,1.74,3.71,4.66,1.77,3.8,5.5,1.95,1.9,1.9,1.93,2.02,1.95,1.91,1.88,1.94,1.94,-0.75,1.98,1.88,1.95,1.9,2.09,1.92,1.97,1.86,1.97,1.94,1.75,3.4,5.25,1.77,3.5,4.5,1.73,3.4,4.5,1.79,3.56,5.14,1.8,3.6,4.75,1.78,3.5,5.33,1.8,3.6,5.48,1.76,3.49,4.84,1.83,3.75,5.2,2.1,1.73,2.09,1.8,2.14,1.83,2.02,1.78,2.12,1.86,-0.75,2.03,1.83,2.05,1.86,2.09,1.9,2,1.84,2.08,1.9
SC0,25/08/2024,15:00,Motherwell,Hearts,3,1,H,1,0,H,J Beaton,14,9,6,3,8,17,8,7,1,4,0,0,2.8,3.4,2.4,2.9,3.5,2.25,2.8,3.3,2.4,2.82,3.44,2.47,2.9,3.5,2.38,2.83,3.55,2.41,2.9,3.6,2.48,2.82,3.45,2.39,2.8,3.55,2.5,1.8,2,1.8,2.03,1.83,2.1,1.78,2.02,1.79,2.1,0.25,1.73,2.08,1.74,2.14,1.83,2.14,1.76,2.06,1.75,2.16,3.2,3.2,2.3,3,3.25,2.25,3,3.2,2.2,3.23,3.31,2.37,3,3.4,2.38,3.17,3.38,2.35,3.23,3.4,2.38,3.09,3.3,2.3,3.3,3.5,2.38,2,1.8,2.09,1.82,2.13,1.95,1.96,1.83,2.1,1.88,0.25,1.85,2,1.88,2.04,1.9,2.05,1.85,1.97,1.93,2.05
SC0,31/08/2024,15:00,Dundee,St Mirren,2,2,D,1,2,A,L Wilson,14,14,5,6,9,16,6,1,2,4,0,0,2.1,3.4,3.4,2.1,3.4,3.3,2.2,3.3,3.3,2.19,3.4,3.48,2.2,3.3,3.4,2.16,3.48,3.32,2.23,3.48,3.5,2.16,3.37,3.35,1.63,2.38,3.55,2,1.85,2.01,1.87,2.05,1.87,1.97,1.82,2,1.9,-0.25,1.88,1.98,1.88,2.01,1.9,2.02,1.85,1.96,1.77,2.01,2.3,3.4,3,2.25,3.3,3,2.25,3.3,3.2,2.35,3.36,3.22,2.38,3.3,3.1,2.36,3.49,3.08,2.38,3.49,3.3,2.28,3.35,3.11,2.38,3.5,3.35,2,1.85,2.02,1.87,2.02,1.91,1.93,1.86,2.04,1.93,-0.25,2,1.85,2.02,1.88,2.04,1.95,1.95,1.86,2.05,1.94
SC0,31/08/2024,15:00,St Johnstone,Motherwell,1,2,A,0,1,A,I Snedden,13,14,5,6,12,11,4,13,1,0,1,0,2.75,3.6,2.38,2.8,3.3,2.4,2.8,3.5,2.4,3.01,3.31,2.47,2.9,3.25,2.5,2.91,3.38,2.43,3.03,3.6,2.5,2.9,3.32,2.42,2.92,2.28,2.06,2.05,1.8,2.07,1.81,2.14,1.82,2.03,1.77,1.78,1.89,0.25,1.78,2.1,1.79,2.13,1.8,2.13,1.76,2.06,1.72,1.98,3,3.5,2.25,2.95,3.2,2.35,2.88,3.25,2.4,3.22,3.32,2.37,3,3.25,2.45,3.08,3.59,2.31,3.22,3.59,2.47,2.99,3.31,2.37,3.3,3.5,2.4,2.1,1.73,2.09,1.81,2.21,1.81,2.04,1.76,2.14,1.84,0.25,1.85,2,1.87,2.04,1.89,2.06,1.81,2.01,1.93,2.06
SC0,31/08/2024,17:45,Ross County,Aberdeen,0,1,A,0,0,D,E Anderson,8,9,4,3,11,13,1,12,3,1,0,0,3.7,3.6,1.95,3.5,3.6,1.95,3.9,3.6,1.91,3.7,3.77,1.93,3.8,3.6,1.95,3.67,3.7,1.97,3.9,3.81,2,3.63,3.67,1.95,4.1,3.7,2,1.8,2,1.78,2.08,1.83,2.08,1.77,2.03,1.04,1.43,0.5,1.9,1.95,1.92,1.95,1.95,1.99,1.87,1.95,1.98,2,4.2,3.5,1.83,4.2,3.6,1.8,4.2,3.5,1.75,4.43,3.63,1.87,4.4,3.7,1.8,4.61,3.7,1.82,4.61,3.73,1.89,4.24,3.6,1.83,4.6,3.85,1.89,1.98,1.88,2.03,1.87,2.03,2,1.94,1.86,2.06,1.93,0.5,2,1.85,2.03,1.88,2.03,1.89,1.99,1.83,2.09,1.9
SC0,01/09/2024,12:30,Celtic,Rangers,3,0,H,2,0,H,J Beaton,14,13,4,4,12,11,7,4,4,5,0,0,1.62,4.2,5,1.63,4.33,4.4,1.57,4.33,5,1.63,4.26,4.82,1.62,4.33,5,1.66,4.35,4.56,1.66,4.4,5.25,1.62,4.28,4.75,1.63,4.7,5.4,1.5,2.63,1.49,2.63,1.5,2.68,1.47,2.6,1.51,2.68,-1,2.05,1.8,2.07,1.8,2.12,1.85,2.03,1.79,1.64,1.19,1.67,3.9,4.75,1.65,4.1,4.5,1.57,4,4.75,1.67,4.12,5.12,1.62,4.33,5,1.7,4.01,5.07,1.7,4.33,5.12,1.65,4.08,4.78,1.69,4.3,5.4,1.57,2.38,1.57,2.46,1.6,2.52,1.55,2.41,1.63,2.56,-0.75,1.83,2.03,1.86,2.05,1.86,2.08,1.81,2,1.86,2.13
SC0,01/09/2024,15:00,Hearts,Dundee United,0,1,A,0,0,D,N Walsh,14,12,2,3,15,6,6,4,2,4,0,0,1.8,3.9,4,1.82,3.8,3.8,1.8,3.8,4,1.83,4.08,3.84,1.83,3.8,4.2,1.83,3.94,4.01,1.86,4.2,4.2,1.81,3.96,3.89,1.87,3.7,3.9,1.67,2.2,1.66,2.25,1.67,2.32,1.64,2.22,1.39,2.1,-0.75,2,1.8,2.06,1.79,2.11,1.85,2.02,1.8,1.93,1.72,1.85,3.6,4,1.88,3.5,3.8,1.83,3.5,3.9,1.92,3.73,4.06,1.95,3.5,4,1.91,3.71,4.12,1.95,3.73,4.12,1.88,3.6,3.96,1.96,3.8,4.3,1.95,1.9,1.94,1.94,1.97,1.94,1.89,1.89,1.96,2.02,-0.5,1.9,1.95,1.93,1.98,1.93,1.99,1.88,1.92,1.96,2.03
SC0,01/09/2024,15:00,Kilmarnock,Hibernian,1,1,D,0,0,D,C Scott,14,9,3,4,10,17,4,7,2,3,0,0,2.8,3.2,2.55,2.55,3.3,2.6,2.7,3.3,2.55,2.83,3.28,2.55,2.8,3.4,2.5,2.78,3.44,2.47,2.88,3.44,2.6,2.77,3.3,2.51,2.7,2.38,2.7,1.95,1.9,1.94,1.89,2,1.91,1.92,1.86,1.61,1.63,0,2.03,1.83,2.03,1.83,2.1,1.89,2.03,1.82,1.95,1.63,2.55,3.1,2.8,2.5,3.2,2.75,2.5,3.1,2.7,2.66,3.26,2.86,2.6,3.25,2.8,2.64,3.21,2.9,2.66,3.26,2.9,2.58,3.18,2.78,2.7,3.4,2.92,2.1,1.73,2.08,1.81,2.12,1.81,2.02,1.76,2.14,1.84,0,1.85,2,1.88,2.03,1.89,2.05,1.85,2,1.92,2.07
SC0,14/09/2024,15:00,Aberdeen,Motherwell,2,1,H,1,0,H,C Graham,11,13,4,4,14,16,6,5,4,5,0,0,1.67,3.75,5,1.68,3.75,4.8,1.67,3.8,5,1.68,3.79,5.03,1.7,3.75,5,1.7,3.92,4.8,1.71,4,5.2,1.68,3.79,4.9,1.74,3.75,4.9,1.9,1.95,1.87,1.96,1.93,1.98,1.85,1.93,1.83,1.94,-0.75,1.9,1.95,1.89,1.96,1.95,1.97,1.88,1.93,1.92,1.94,1.67,3.75,5,1.65,3.75,5,1.62,3.75,5,1.7,3.76,5.45,1.65,3.8,5.5,1.67,3.89,5.56,1.72,3.89,5.56,1.67,3.75,5.1,1.72,4,5.6,1.93,1.93,1.98,1.91,1.98,1.94,1.9,1.89,1.99,1.97,-0.75,1.85,2,1.92,1.99,1.93,2.08,1.87,1.96,1.93,2.03
SC0,14/09/2024,15:00,Celtic,Hearts,2,0,H,0,0,D,C Steven,18,7,6,3,9,11,5,3,1,1,0,0,1.17,8,12,1.18,7.75,12,1.14,8.5,15,1.15,8.52,13.77,1.18,7.5,15,1.21,7.3,11.5,1.21,8.9,16,1.17,7.81,13.28,1.19,9,17.5,1.33,3.4,1.31,3.43,1.36,3.44,1.33,3.17,1.38,3.45,-2.25,2.03,1.78,2,1.84,2.08,1.84,2.02,1.79,1.95,1.78,1.13,9,19,1.14,9,14.5,1.08,8.5,18,1.13,9.93,18.6,1.15,8,17,1.14,9.38,19.1,1.15,10,19.1,1.13,8.75,16.97,1.15,10.5,26,1.33,3.4,1.32,3.52,1.33,3.52,1.31,3.34,1.36,3.7,-2.25,1.88,1.98,1.91,1.98,1.94,2.02,1.87,1.95,1.9,2.04
SC0,14/09/2024,15:00,Hibernian,St Johnstone,2,0,H,1,0,H,N Walsh,17,5,4,1,6,17,5,7,1,4,0,1,1.65,3.9,5.25,1.68,3.7,4.75,1.62,3.9,5,1.64,3.94,5.19,1.6,3.9,5.8,1.67,3.94,5.05,1.68,4,5.8,1.65,3.86,5.07,1.69,4,5.8,1.88,1.98,1.9,1.93,1.95,2.02,1.87,1.91,1.82,2.04,-0.75,1.83,2.03,1.83,2.03,1.93,2.04,1.83,1.99,1.84,2,1.57,4.1,5.25,1.57,4.1,5.25,1.55,4.1,5.5,1.59,4.28,5.71,1.6,4,5.8,1.63,4.24,5.43,1.63,4.4,5.8,1.58,4.15,5.39,1.61,4.4,6.2,1.8,2,1.8,2.09,1.81,2.14,1.74,2.07,1.83,2.18,-1,1.98,1.88,2.01,1.89,2.02,1.92,1.97,1.86,2.03,1.94
SC0,14/09/2024,15:00,Ross County,Dundee,2,0,H,2,0,H,G Irvine,9,8,5,3,13,12,3,8,2,1,0,0,2.8,3.6,2.3,2.7,3.5,2.4,2.7,3.6,2.38,2.77,3.59,2.42,2.8,3.5,2.45,2.79,3.58,2.4,2.82,3.67,2.45,2.76,3.56,2.39,2.9,1.42,2.24,1.73,2.1,1.76,2.07,1.81,2.13,1.74,2.04,1.04,1.07,0.25,1.74,1.99,1.75,2.1,1.81,2.2,1.75,2.06,1.79,2.05,2.8,3.6,2.3,2.8,3.4,2.35,2.8,3.3,2.3,2.9,3.55,2.46,2.8,3.4,2.5,2.89,3.72,2.38,2.9,3.72,2.5,2.81,3.51,2.38,3.05,3.65,2.48,1.83,2.03,1.85,2.04,1.89,2.16,1.8,2,1.88,2.1,0.25,1.8,2.05,1.79,2.13,1.82,2.14,1.77,2.07,1.86,2.14
SC0,14/09/2024,15:00,St Mirren,Kilmarnock,2,2,D,2,1,H,M MacDermid,14,11,2,3,15,9,3,10,2,3,0,1,2.2,3.5,3.1,2.25,3.2,3.1,2.2,3.4,3,2.25,3.24,3.34,2.3,3.25,3.25,2.25,3.32,3.29,2.3,3.5,3.37,2.24,3.28,3.22,2.3,3.35,3.5,2.2,1.67,2.19,1.68,2.22,1.71,2.17,1.67,2.18,1.68,-0.25,1.87,1.87,1.93,1.92,1.97,1.96,1.91,1.89,1.98,1.97,2.35,3.2,3,2.4,3.1,3,2.38,3,3.1,2.5,3.18,3.15,2.45,3,3.2,2.43,3.31,3.1,2.5,3.31,3.2,2.41,3.13,3.07,2.52,3.3,3.25,2.2,1.67,2.35,1.64,2.4,1.67,2.3,1.61,2.36,1.7,-0.25,2.05,1.8,2.13,1.8,2.14,1.83,2.05,1.78,2.14,1.86
SC0,15/09/2024,12:00,Dundee United,Rangers,0,1,A,0,1,A,D Robertson,5,11,0,6,11,13,4,4,4,6,0,0,7,4.5,1.44,6.75,4.75,1.41,7,4.6,1.4,6.64,4.8,1.43,6.5,4.6,1.44,6.15,4.8,1.47,7,5,1.48,6.52,4.69,1.43,7.4,4.6,1.48,1.67,2.2,1.68,2.2,1.73,2.26,1.66,2.18,1.7,2.18,1.25,1.85,2,1.87,1.96,1.9,2.03,1.85,1.97,1.79,2.07,6,4.33,1.5,5.5,4.33,1.52,6.5,4.5,1.44,6.02,4.61,1.53,6,4.5,1.5,6.38,4.45,1.53,6.5,4.7,1.53,5.86,4.44,1.51,7,4.8,1.53,1.67,2.2,1.68,2.28,1.71,2.29,1.65,2.21,1.74,2.32,1,2,1.85,2.02,1.89,2.06,1.9,1.98,1.85,2.07,1.92
SC0,21/09/2024,15:00,Ross County,St Johnstone,3,3,D,1,1,D,D McFarlane,14,8,6,3,13,15,1,3,2,4,0,0,2.05,3.5,3.5,2.05,3.3,3.5,2,3.3,3.6,2.09,3.5,3.48,2.1,3.4,3.6,2.09,3.5,3.49,2.11,3.5,3.65,2.07,3.43,3.47,2.1,3.55,3.85,2,1.85,2.01,1.85,2.02,1.9,1.97,1.82,2.04,1.89,-0.5,2.05,1.8,2.09,1.77,2.11,1.85,2.05,1.77,2.11,1.87,1.83,3.5,4.5,1.85,3.4,4.2,1.87,3.4,4.2,1.87,3.53,4.59,1.91,3.6,4,1.9,3.59,4.31,2,3.6,4.59,1.9,3.43,4.15,1.98,3.55,4.6,2.2,1.67,2.19,1.74,2.32,1.8,2.14,1.7,2.26,1.76,-0.5,1.83,2.03,1.88,2.03,1.96,2.08,1.89,1.93,1.97,2.02
SC0,21/09/2024,15:00,St Mirren,Hearts,2,1,H,2,1,H,D Robertson,11,9,2,2,14,9,5,4,3,3,0,0,2.8,3.4,2.45,2.8,3.4,2.35,2.88,3.3,2.45,2.86,3.36,2.49,3,3.3,2.4,2.84,3.45,2.45,3,3.45,2.5,2.84,3.36,2.43,2.9,3.4,2.6,1.95,1.9,1.95,1.9,1.97,1.93,1.92,1.87,1.95,1.94,0,2.05,1.8,2.08,1.81,2.11,1.84,2.07,1.79,2.1,1.86,2.7,3.3,2.6,2.7,3.25,2.5,2.8,3.2,2.55,2.76,3.39,2.66,2.88,3.25,2.6,2.82,3.34,2.62,2.88,3.39,2.66,2.77,3.27,2.56,2.92,3.4,2.72,2.03,1.83,2.04,1.85,2.21,1.85,2.06,1.76,2.14,1.86,0,1.98,1.88,1.99,1.92,2.06,1.92,2,1.87,2.06,1.93
SC0,28/09/2024,15:00,Dundee,Aberdeen,1,2,A,1,2,A,C Scott,14,8,6,2,6,8,10,4,0,3,0,0,2.8,3.8,2.25,3,3.3,2.25,3,3.5,2.2,3.01,3.62,2.27,3.1,3.3,2.38,3.02,3.45,2.32,3.1,3.8,2.38,2.98,3.51,2.26,3.15,3.75,2.34,1.98,1.88,1.92,1.93,2,1.93,1.91,1.88,1.95,1.94,0.25,1.88,1.98,1.88,1.99,1.9,2,1.84,1.95,1.95,2.03,2.9,3.8,2.2,3.1,3.4,2.15,3.1,3.5,2.2,3.14,3.67,2.26,3.1,3.4,2.3,3.08,3.9,2.2,3.19,3.9,2.3,3.08,3.57,2.2,3.3,3.75,2.3,1.85,2,1.88,2.02,1.89,2.05,1.83,1.96,1.9,2.08,0.25,1.88,1.98,1.93,1.97,1.95,2,1.89,1.92,1.98,1.99
SC0,28/09/2024,15:00,Hearts,Ross County,1,1,D,0,1,A,I Snedden,21,13,8,2,8,8,11,5,1,4,0,0,1.65,4,4.75,1.68,3.7,4.8,1.67,3.8,5,1.66,3.96,5.03,1.7,3.75,5,1.69,3.94,4.9,1.7,4,5.2,1.67,3.84,4.92,1.72,4,5.3,1.85,2,1.85,2.01,1.93,2.02,1.84,1.95,1.87,2.02,-0.75,1.88,1.98,1.86,2.01,1.94,2.02,1.85,1.95,1.91,2.01,1.57,4.1,5.5,1.61,3.8,5.25,1.57,3.9,5.5,1.61,4.09,5.83,1.65,3.8,5.5,1.65,4.11,5.4,1.65,4.11,5.83,1.61,3.94,5.45,1.65,4.2,6.2,1.93,1.93,1.94,1.94,2,1.98,1.89,1.9,1.98,1.98,-1,2.03,1.83,2.07,1.85,2.08,1.88,2.04,1.8,2.13,1.84
SC0,28/09/2024,15:00,Kilmarnock,Dundee United,3,3,D,0,1,A,C Napier,15,19,3,8,8,12,7,3,1,2,0,0,2.3,3.25,3.1,2.3,3.2,3.1,2.3,3.2,3.2,2.35,3.13,3.29,2.38,3.2,3.2,2.32,3.28,3.17,2.38,3.28,3.34,2.32,3.16,3.19,2.38,3.2,3.5,2.2,1.67,2.23,1.67,2.29,1.68,2.19,1.65,2.22,1.72,-0.25,1.98,1.88,2.01,1.86,2.02,1.95,1.97,1.84,2.02,1.92,2.05,3.4,3.5,2.05,3.3,3.5,2,3.25,3.8,2.09,3.39,3.84,2.1,3.3,3.7,2.11,3.5,3.61,2.13,3.5,3.84,2.07,3.3,3.65,2.16,3.4,4,2,1.8,2.09,1.8,2.21,1.8,2.07,1.74,2.2,1.81,-0.5,2.05,1.75,2.1,1.83,2.14,1.83,2.05,1.77,2.16,1.85
SC0,28/09/2024,15:00,Motherwell,St Mirren,2,1,H,2,1,H,L Wilson,9,15,4,9,12,13,9,6,4,2,1,1,2.38,3.3,2.88,2.37,3.25,2.85,2.38,3.3,3,2.45,3.22,3.02,2.4,3.3,3,2.44,3.36,2.9,2.5,3.4,3.06,2.43,3.26,2.93,2.44,3.25,3.05,2.05,1.8,2.12,1.75,2.12,1.84,2.04,1.77,2.02,1.77,-0.25,2.1,1.78,2.12,1.78,2.12,1.81,2.06,1.76,2.1,1.75,2.1,3.3,3.4,2.1,3.2,3.5,2.1,3.2,3.6,2.2,3.3,3.64,2.2,3.3,3.4,2.18,3.42,3.52,2.2,3.42,3.67,2.15,3.26,3.49,2.24,3.4,3.75,2.1,1.73,2.14,1.76,2.21,1.78,2.08,1.73,2.18,1.81,-0.25,1.85,2,1.88,2.03,1.89,2.06,1.84,1.98,1.93,2.04
SC0,28/09/2024,17:45,St Johnstone,Celtic,0,6,A,0,3,A,D Robertson,5,19,1,11,9,8,3,13,1,1,0,0,13,7,1.18,13,7.25,1.19,15,7.5,1.15,13.82,7.48,1.17,17,7,1.18,13.2,7.4,1.19,17,8,1.2,13.88,7.19,1.18,17.5,8.2,1.21,1.4,3,1.4,2.97,1.42,3.05,1.39,2.87,1.42,3.05,2,2,1.85,1.99,1.86,2.02,1.94,1.96,1.86,1.91,1.8,17,8,1.14,15.5,8.5,1.15,21,9.5,1.1,18.81,9,1.14,19,8,1.14,18.1,8.54,1.16,21,9.5,1.16,17.73,8.42,1.13,29,10.5,1.14,1.33,3.4,1.33,3.41,1.34,3.41,1.33,3.28,1.36,3.65,2.25,1.98,1.88,2,1.89,2.05,1.92,1.96,1.86,2.06,1.91
SC0,29/09/2024,12:00,Rangers,Hibernian,1,0,H,1,0,H,N Walsh,18,18,4,3,11,12,4,7,2,2,0,0,1.36,5,7.5,1.38,5,7,1.33,5,7.5,1.35,5.09,8.16,1.36,5,8.5,1.37,5.25,7.6,1.39,5.6,8.5,1.36,5.04,7.57,1.38,5.5,7.8,1.5,2.63,1.47,2.68,1.5,2.8,1.46,2.61,1.46,2.56,-1.5,2,1.85,1.98,1.87,2.09,1.88,1.99,1.82,1.96,1.87,1.29,5.25,10,1.28,5.75,9.25,1.22,5.5,10.5,1.28,5.77,12.44,1.29,5.5,11,1.33,5.37,10.6,1.33,6.1,12.44,1.28,5.51,10.31,1.3,6,14,1.53,2.5,1.56,2.54,1.56,2.63,1.53,2.46,1.61,2.6,-1.5,1.83,2.03,1.86,2.05,1.9,2.06,1.84,1.98,1.93,2.05
SC0,05/10/2024,15:00,Dundee,Kilmarnock,2,3,A,1,0,H,G Irvine,10,25,3,5,13,9,2,10,1,1,1,0,2.25,3.6,3,2.2,3.4,3,2.25,3.5,2.9,2.3,3.38,3.13,2.3,3.4,3.1,2.29,3.48,3.05,2.33,3.6,3.18,2.27,3.41,3.05,2.36,3.4,3.2,1.98,1.88,1.93,1.92,2,1.92,1.92,1.87,1.97,1.92,-0.25,1.98,1.88,2,1.88,2.02,1.9,1.95,1.85,2.02,1.89,2.2,3.7,3,2.2,3.4,3.1,2.15,3.3,3,2.29,3.49,3.22,2.3,3.4,3.1,2.25,3.78,3.06,2.3,3.78,3.25,2.24,3.44,3.09,2.38,3.6,3.2,1.9,1.95,1.93,1.96,1.97,1.97,1.9,1.88,1.95,2.02,-0.25,1.98,1.88,1.99,1.92,2,1.94,1.95,1.87,2.06,1.93
SC0,05/10/2024,15:00,Hibernian,Motherwell,1,2,A,0,0,D,M MacDermid,17,11,7,5,18,6,10,5,3,3,1,0,2,3.5,3.6,2.05,3.5,3.4,2,3.5,3.4,2.08,3.46,3.55,2.1,3.5,3.5,2.08,3.58,3.43,2.11,3.65,3.65,2.05,3.51,3.47,2.08,3.6,3.65,1.88,1.98,1.87,1.98,1.93,2.02,1.85,1.94,1.86,2,-0.25,1.75,2.05,1.81,2.07,1.85,2.12,1.77,2.03,1.82,2.12,1.8,3.6,4.33,1.8,3.6,4.2,1.75,3.5,4.33,1.85,3.68,4.46,1.83,3.6,4.4,1.85,3.7,4.45,1.87,3.7,4.5,1.82,3.61,4.27,1.87,3.8,4.8,1.93,1.93,1.97,1.92,1.98,1.98,1.9,1.89,2,1.98,-0.75,2.05,1.75,2.13,1.79,2.14,1.83,2.07,1.77,2.13,1.85
SC0,05/10/2024,15:00,St Mirren,Dundee United,0,1,A,0,0,D,R Hardie,16,12,3,3,4,6,3,3,0,3,0,0,2.3,3.3,3.1,2.3,3.2,3.1,2.2,3.4,3,2.34,3.24,3.18,2.38,3.25,3.2,2.31,3.35,3.13,2.38,3.45,3.21,2.3,3.3,3.09,2.34,3.35,3.25,2.1,1.73,2.08,1.76,2.16,1.78,2.07,1.73,2.02,1.73,-0.25,2,1.85,2.02,1.85,2.05,1.89,1.97,1.83,2.01,1.88,2.3,3.3,3.1,2.35,3.2,2.95,2.25,3.1,3,2.36,3.25,3.31,2.45,3.2,3,2.35,3.38,3.17,2.45,3.38,3.35,2.34,3.23,3.1,2.4,3.35,3.45,2.1,1.73,2.12,1.78,2.21,1.8,2.07,1.75,2.18,1.81,-0.25,2,1.85,2.02,1.89,2.05,1.92,1.98,1.84,2.05,1.94
SC0,06/10/2024,12:00,Ross County,Celtic,1,2,A,1,0,H,K Clancy,8,23,5,6,11,11,1,9,3,1,0,0,13,8,1.17,13.5,7.5,1.17,15,7.5,1.15,13.57,8.29,1.16,17,7.5,1.17,14,7.8,1.17,17,8.9,1.18,13.87,7.8,1.16,15.5,8.8,1.19,1.36,3.2,1.34,3.24,1.37,3.24,1.34,3.08,1.39,3.35,2,2.05,1.75,2.1,1.75,2.11,1.85,2.06,1.77,2,1.73,13,7,1.18,12.5,7.5,1.18,17,8,1.13,15.04,8.36,1.17,15,6.5,1.2,13,7.31,1.22,17,9,1.22,13.81,7.48,1.17,21,9,1.18,1.4,3,1.41,3.02,1.43,3.15,1.39,2.91,1.45,3.15,2,1.98,1.88,1.98,1.91,2.04,1.94,1.94,1.89,2.03,1.9
SC0,06/10/2024,15:00,Aberdeen,Hearts,3,2,H,1,1,D,A Beaton,11,11,3,3,8,17,2,5,1,4,0,1,1.67,4,4.75,1.66,3.75,4.8,1.67,4,4.6,1.68,4.03,4.75,1.73,3.75,4.8,1.7,3.92,4.8,1.73,4.2,4.9,1.68,3.94,4.69,1.69,4.4,4.9,1.88,1.98,1.85,1.99,1.96,2,1.84,1.95,1.86,1.98,-0.75,1.88,1.98,1.88,1.97,1.92,2,1.86,1.93,,,1.8,3.9,4.1,1.85,3.6,3.9,1.83,3.6,4.1,1.84,3.89,4.25,1.91,3.6,4,1.83,3.91,4.27,1.91,3.91,4.27,1.85,3.74,4.01,1.9,3.95,4.4,1.8,2,1.85,2.05,1.85,2.12,1.8,1.99,1.86,2.12,-0.5,1.83,2.03,1.85,2.07,1.88,2.09,1.84,1.98,1.89,2.11
SC0,06/10/2024,20:00,Rangers,St Johnstone,2,0,H,1,0,H,D Dickinson,21,10,6,2,22,12,7,3,1,1,0,0,1.14,8.5,15,1.14,9,15.5,1.11,8.5,20,1.12,9.26,16.89,1.14,8,19,1.14,8.5,18,1.15,10,21,1.13,8.53,17.29,1.16,9.6,16,1.36,3.2,1.37,3.08,1.37,3.25,1.34,3.11,1.29,3.4,-2.25,1.85,2,1.88,1.96,1.91,2.03,1.87,1.92,,,1.08,11,21,1.09,12,23,1.06,13,29,1.09,11.97,26.05,1.08,11,26,1.09,12.7,24,1.11,13,30,1.08,10.81,24.5,1.09,15.5,40,1.25,4,1.28,3.76,1.29,4.1,1.26,3.75,1.3,4.2,-2.75,1.93,1.93,1.97,1.9,1.99,1.96,1.93,1.88,2.01,1.98
SC0,19/10/2024,15:00,Celtic,Aberdeen,2,2,D,2,0,H,N Walsh,32,8,7,4,12,15,19,2,1,5,0,0,1.22,6.5,10,1.24,6.5,10,1.2,6.5,12,1.23,6.76,10.17,1.25,6,12,1.25,6.35,11,1.25,7.2,12,1.23,6.52,10.72,1.26,7.2,13.5,1.44,2.75,1.42,2.83,1.44,3,1.41,2.79,1.42,3,-1.75,1.83,2.03,1.85,2,1.92,2.06,1.84,1.97,1.79,1.98,1.18,7.5,12,1.19,7.25,12,1.17,7,13,1.19,7.8,13.64,1.22,6.5,13,1.23,7.31,12.1,1.23,7.8,15,1.19,7.14,12.69,1.22,8.2,16.5,1.36,3.2,1.39,3.08,1.39,3.2,1.36,3.06,1.41,3.35,-2,1.85,2,1.89,1.99,1.97,2.06,1.89,1.93,1.92,2.05
SC0,19/10/2024,15:00,Dundee United,Hibernian,3,2,H,1,1,D,C Graham,8,8,4,4,14,14,5,5,2,2,0,1,2.3,3.25,3.1,2.37,3.3,2.85,2.38,3.3,3,2.36,3.34,3.06,2.4,3.3,3,2.35,3.45,2.97,2.4,3.45,3.11,2.36,3.31,2.99,2.36,3.45,3.05,1.95,1.9,1.97,1.88,2.02,1.93,1.93,1.85,1.91,1.9,-0.25,1.97,1.77,2.05,1.83,2.09,1.87,2,1.8,2.03,1.87,2.88,3.25,2.45,2.7,3.3,2.45,2.8,3.25,2.45,2.9,3.4,2.54,2.88,3.3,2.5,2.88,3.34,2.57,2.9,3.4,2.57,2.8,3.32,2.49,3.05,3.4,2.56,1.98,1.88,2,1.89,2.02,1.93,1.93,1.86,2.02,1.93,0,2.1,1.78,2.09,1.83,2.14,1.83,2.07,1.81,2.16,1.83
SC0,19/10/2024,15:00,Hearts,St Mirren,4,0,H,1,0,H,C Steven,12,5,4,0,10,15,1,6,0,5,0,0,1.8,3.75,4.2,1.8,3.6,4.2,1.75,3.75,4.4,1.8,3.72,4.35,1.83,3.6,4.4,1.82,3.75,4.26,1.84,3.82,4.4,1.8,3.7,4.23,1.83,3.85,4.6,1.88,1.98,1.88,1.96,1.95,1.99,1.86,1.93,1.86,1.91,-0.5,1.78,2.03,1.82,2.07,1.83,2.09,1.79,2.01,1.83,2.17,1.75,3.75,4.33,1.75,3.6,4.33,1.75,3.6,4.75,1.78,3.82,4.72,1.8,3.7,4.5,1.81,3.87,4.47,1.81,3.87,4.75,1.77,3.72,4.45,1.82,3.85,5,1.9,1.95,1.93,1.96,1.97,1.99,1.88,1.9,1.93,2.04,-0.75,2,1.85,2.02,1.88,2.05,1.89,1.99,1.83,2.05,1.91
SC0,19/10/2024,15:00,Motherwell,Dundee,0,1,A,0,1,A,E Anderson,10,15,3,4,10,13,3,5,0,2,0,0,2.05,3.75,3.25,2,3.6,3.4,2.1,3.5,3.3,2.11,3.45,3.48,2.2,3.4,3.3,2.12,3.6,3.3,2.2,3.75,3.51,2.1,3.53,3.32,2.14,3.6,3.45,1.8,2,1.81,2.05,1.85,2.09,1.79,2,1.79,2.12,-0.25,1.83,2.03,1.84,2.04,1.88,2.06,1.81,1.99,1.87,2.07,1.95,3.8,3.4,2,3.6,3.4,1.95,3.7,3.6,2.01,3.78,3.68,2.05,3.6,3.6,2.02,3.92,3.51,2.05,3.92,3.71,2,3.66,3.51,2.06,3.9,3.75,1.73,2.1,1.71,2.23,1.8,2.23,1.71,2.12,1.77,2.26,-0.5,2,1.85,2.02,1.89,2.04,1.92,1.99,1.83,2.06,1.92
SC0,19/10/2024,15:00,St Johnstone,Ross County,3,0,H,2,0,H,J Beaton,18,7,7,1,8,12,5,3,1,0,0,2,2.55,3.3,2.7,2.55,3.2,2.7,2.6,3.2,2.75,2.62,3.16,2.84,2.62,3.2,2.8,2.59,3.3,2.73,2.67,3.3,2.87,2.58,3.22,2.77,2.66,3.2,2.9,2.1,1.73,2.13,1.73,2.21,1.76,2.11,1.71,2.08,1.72,0,1.79,1.94,1.85,2.02,1.88,2.04,1.85,1.97,1.87,2.01,2.55,3.2,2.8,2.55,3.1,2.8,2.63,3,2.8,2.66,3.16,2.93,2.6,3.2,2.88,2.62,3.28,2.87,2.67,3.3,2.93,2.58,3.14,2.83,2.72,3.25,3,2.3,1.62,2.28,1.68,2.31,1.72,2.22,1.64,2.38,1.7,0,1.83,2.03,1.86,2.05,1.87,2.09,1.84,2.03,1.87,2.08
SC0,20/10/2024,12:00,Kilmarnock,Rangers,1,0,H,0,0,D,S McLean,10,15,3,3,12,13,1,6,1,3,0,0,6.25,4.33,1.48,5.75,4.4,1.5,6,4.4,1.47,6.17,4.48,1.49,6,4.33,1.53,5.95,4.5,1.51,6.3,4.52,1.53,5.96,4.4,1.49,6.2,4.7,1.52,1.62,2.3,1.64,2.28,1.65,2.38,1.6,2.27,1.66,2.26,1,2.03,1.83,2.06,1.81,2.06,1.87,2.01,1.8,,,5.75,4.2,1.53,5.75,4.4,1.5,6,4,1.44,6.01,4.46,1.55,6,4.33,1.53,6.12,4.31,1.56,6.12,4.5,1.57,5.75,4.37,1.52,7,4.5,1.55,1.62,2.3,1.65,2.33,1.65,2.41,1.6,2.31,1.67,2.44,1,2,1.85,2,1.9,2.08,1.9,1.98,1.85,2.08,1.91
SC0,26/10/2024,15:00,Dundee,St Johnstone,1,2,A,1,0,H,K Clancy,8,20,4,4,10,10,2,3,3,2,0,0,1.67,3.75,5,1.68,3.8,4.6,1.67,3.9,4.75,1.66,3.94,5.02,1.7,3.9,4.8,1.69,4.05,4.72,1.71,4.05,5.2,1.68,3.87,4.85,1.71,4,5.2,1.73,2.08,1.78,2.09,1.85,2.14,1.76,2.04,1.76,2.16,-0.75,1.88,1.98,1.87,2.01,1.94,2.01,1.85,1.95,1.91,1.99,1.75,3.6,4.5,1.77,3.6,4.33,1.73,3.6,4.6,1.83,3.76,4.51,1.8,3.7,4.6,1.81,3.72,4.65,1.83,3.85,5,1.77,3.7,4.46,1.83,3.85,5,1.85,2,1.89,2,1.93,2.04,1.83,1.96,1.9,2.08,-0.75,2.03,1.78,2.08,1.83,2.11,1.91,2,1.82,2.06,1.92
SC0,26/10/2024,15:00,Ross County,Kilmarnock,2,1,H,0,1,A,M MacDermid,14,9,3,2,10,10,5,5,1,2,0,1,3.1,3.4,2.25,3.1,3.4,2.2,3.2,3.3,2.25,3.23,3.31,2.28,3.3,3.3,2.25,3.19,3.32,2.29,3.3,3.4,2.31,3.17,3.33,2.25,3.3,3.3,2.38,2.03,1.83,2.04,1.82,2.06,1.87,1.99,1.8,2.08,1.74,0.25,1.88,1.98,1.89,1.98,1.91,2.02,1.87,1.93,1.89,2.03,3.8,3.4,1.95,3.75,3.3,1.98,3.8,3.3,1.95,4.04,3.37,2.04,3.9,3.25,2.05,3.92,3.51,2.02,4.04,3.51,2.06,3.81,3.33,2.01,4.1,3.55,2.08,2.1,1.7,2.19,1.73,2.21,1.76,2.12,1.71,2.3,1.76,0.5,1.83,2.03,1.86,2.05,1.93,2.06,1.81,2.01,1.92,2.07
SC0,26/10/2024,17:30,Aberdeen,Dundee United,1,0,H,0,0,D,S McLean,12,8,5,0,9,18,8,2,1,3,0,0,1.65,3.9,5,1.68,3.8,4.6,1.67,3.9,4.75,1.65,4,5.01,1.7,3.8,5,1.68,4.05,4.76,1.7,4.1,5.1,1.66,3.94,4.85,1.7,4.1,5.3,1.8,2,1.76,2.09,1.81,2.13,1.75,2.04,1.78,2.08,-0.75,1.83,2.03,1.85,2.03,1.93,2.05,1.83,1.97,1.86,2.02,1.75,3.7,4.5,1.8,3.6,4.2,1.73,3.7,4.6,1.83,3.73,4.55,1.85,3.6,4.33,1.8,3.8,4.62,1.85,3.8,4.62,1.8,3.65,4.37,1.84,3.8,5,1.95,1.9,1.94,1.94,1.97,2,1.89,1.9,1.98,2,-0.75,2.03,1.83,2.08,1.83,2.08,1.87,2.02,1.81,2.08,1.89
SC0,27/10/2024,12:00,Hibernian,Hearts,1,1,D,0,0,D,D Robertson,12,11,7,2,11,12,1,6,2,3,0,0,2.25,3.4,3.1,2.25,3.4,2.95,2.3,3.4,2.9,2.35,3.47,2.98,2.3,3.5,3,2.33,3.54,2.93,2.38,3.54,3.1,2.31,3.45,2.95,2.4,3.6,3.1,1.77,1.97,1.8,2.03,1.88,2.06,1.8,1.99,1.83,2.06,-0.25,2,1.85,2.04,1.83,2.05,1.9,1.98,1.82,2.07,1.89,2.3,3.25,3.1,2.25,3.3,3,2.3,3.2,3.1,2.33,3.37,3.24,2.38,3.3,3.1,2.37,3.34,3.18,2.38,3.4,3.24,2.31,3.3,3.09,2.42,3.4,3.35,2,1.85,2.02,1.87,2.06,1.93,1.96,1.84,2.04,1.94,-0.25,2,1.85,2.01,1.9,2.05,1.9,1.98,1.84,2.07,1.92
SC0,27/10/2024,15:00,Motherwell,Celtic,0,3,A,0,1,A,D Dickinson,9,21,2,10,11,9,3,10,1,2,1,0,8,7,1.25,9.5,6,1.26,10.5,6.5,1.22,9.58,6.06,1.26,10,5.8,1.29,9.4,6.05,1.28,10.5,7,1.29,9.4,6.09,1.26,6,7.2,1.28,1.37,3,1.42,2.84,1.43,3.05,1.39,2.86,1.01,2.12,1.75,1.93,1.93,1.91,1.93,1.95,2,1.89,1.91,,,9,7.5,1.22,11.5,6.5,1.22,13,8,1.15,12.77,6.91,1.22,15,6.5,1.2,9.17,8.09,1.25,15,8.09,1.25,11.57,6.86,1.21,16.5,8.6,1.21,1.4,3,1.41,2.98,1.41,3.25,1.37,3,1.4,3.4,2,1.83,2.03,1.83,2.08,1.9,2.08,1.84,1.99,1.91,2.03
SC0,27/10/2024,15:00,Rangers,St Mirren,2,1,H,1,1,D,C Scott,16,8,7,3,10,9,7,3,2,2,0,0,1.22,6.25,11,1.23,6.25,11,1.2,6.5,13,1.21,6.73,11.63,1.25,6,12,1.23,6.5,12,1.25,6.8,13,1.22,6.38,11.46,1.18,7,15.5,1.48,2.6,1.46,2.7,1.48,2.85,1.44,2.67,1.26,2.02,-1.75,1.83,2.03,1.81,2.03,1.9,2.06,1.81,1.99,,,1.29,5,10,1.29,5.5,9.25,1.2,5.5,13,1.27,6.17,11.88,1.25,5.8,13,1.31,5.44,11.3,1.31,6.17,13,1.27,5.56,10.68,1.28,6.4,15.5,1.6,2.3,1.64,2.35,1.67,2.41,1.62,2.28,1.66,2.44,-1.5,1.85,2,1.88,2.04,1.91,2.04,1.86,1.97,1.9,2.08
SC0,30/10/2024,19:45,Celtic,Dundee,2,0,H,0,0,D,R Hardie,24,3,5,1,12,7,7,2,1,2,0,0,1.1,9.5,21,1.11,9.75,19.5,1.08,11,23,1.1,10.44,22.46,1.11,8.5,29,1.11,9.4,25,1.12,12,36,1.1,9.8,22.69,1.11,13,32,1.36,3.2,1.34,3.27,1.37,3.35,1.34,3.1,1.37,3.35,-2.5,1.98,1.88,1.95,1.9,2.04,1.91,1.95,1.86,1.87,1.84,1.18,7.5,15,1.17,8,12.5,1.1,8,17,1.15,8.65,17.09,1.17,7.5,17,1.2,7.22,16,1.2,8.8,19,1.16,7.94,14.55,1.16,9.6,28,1.33,3.4,1.32,3.49,1.33,3.6,1.3,3.43,1.33,3.9,-2.25,2,1.85,2.04,1.85,2.05,1.9,1.98,1.84,2.04,1.91
SC0,30/10/2024,19:45,Dundee United,Motherwell,1,2,A,1,1,D,L Wilson,17,9,5,3,11,12,11,3,3,4,0,0,2.2,3.4,3.2,2.15,3.3,3.2,2.15,3.3,3.3,2.2,3.31,3.41,2.2,3.4,3.3,2.17,3.5,3.27,2.24,3.5,3.41,2.18,3.37,3.28,2.26,3.55,3.5,1.95,1.9,1.93,1.93,2,1.94,1.91,1.88,1.96,1.91,-0.25,1.9,1.95,1.9,1.97,1.95,2,1.87,1.93,1.94,2.01,1.9,3.6,4,1.88,3.4,3.9,1.85,3.4,3.9,1.94,3.58,4.17,1.95,3.6,3.9,1.94,3.66,4.07,1.97,3.66,4.17,1.93,3.53,3.89,1.96,3.75,4.3,1.95,1.9,1.93,1.95,1.99,1.95,1.9,1.89,1.99,2,-0.5,1.93,1.93,1.95,1.95,1.98,2,1.93,1.88,1.96,2.03
SC0,30/10/2024,19:45,Hearts,Kilmarnock,1,2,A,1,0,H,E Anderson,18,15,5,4,14,9,10,1,1,3,0,0,1.91,3.6,3.8,1.88,3.6,3.7,1.95,3.5,3.75,1.92,3.63,3.93,1.95,3.6,3.8,1.92,3.74,3.78,1.95,3.75,4.1,1.92,3.61,3.82,1.97,3.75,4,1.83,2.03,1.79,2.04,1.83,2.07,1.78,2.01,1.76,1.98,-0.5,1.93,1.93,1.93,1.93,1.98,1.97,1.91,1.9,1.98,1.96,1.75,3.6,4.5,1.73,3.7,4.5,1.73,3.5,4.33,1.81,3.75,4.6,1.8,3.6,4.6,1.83,3.72,4.5,1.84,3.79,4.6,1.79,3.67,4.4,1.86,3.85,4.8,1.98,1.88,1.98,1.91,2.02,1.93,1.91,1.87,1.99,1.98,-0.75,2.03,1.83,2.07,1.85,2.12,1.87,2.02,1.81,2.12,1.87
SC0,30/10/2024,19:45,Ross County,Hibernian,0,0,D,0,0,D,G Irvine,13,12,2,2,10,13,4,2,1,1,0,0,3.4,3.4,2.1,3.3,3.4,2.1,3.5,3.4,2,3.54,3.38,2.12,3.6,3.4,2.1,3.47,3.52,2.09,3.63,3.52,2.15,3.46,3.4,2.1,3.45,3.5,2.2,1.95,1.9,1.97,1.88,1.99,1.98,1.92,1.86,1.96,1.9,0.25,2,1.85,2.04,1.84,2.05,1.9,2,1.8,2.02,1.95,4.2,3.4,1.9,3.9,3.3,1.95,4,3.3,1.85,4.34,3.47,1.93,4.2,3.4,1.95,4.29,3.48,1.94,4.34,3.5,1.96,4.08,3.4,1.92,4.5,3.65,1.97,2.1,1.73,2.11,1.79,2.21,1.81,2.07,1.74,2.14,1.86,0.5,1.93,1.93,1.96,1.94,1.98,1.98,1.89,1.92,2.03,1.96
SC0,30/10/2024,19:45,St Mirren,St Johnstone,3,1,H,1,1,D,S McLean,17,5,5,2,14,9,9,2,2,1,0,0,1.8,3.6,4.33,1.8,3.6,4.2,1.8,3.5,4.33,1.81,3.64,4.41,1.83,3.6,4.4,1.83,3.7,4.24,1.84,3.71,4.41,1.81,3.6,4.26,1.93,3.7,4.5,1.98,1.88,1.97,1.88,2.02,1.91,1.93,1.86,2,1.88,-0.5,1.83,2.03,1.83,2.05,1.85,2.11,1.81,2,1.93,2.04,1.95,3.4,3.9,1.98,3.3,3.75,1.95,3.3,4,1.99,3.38,4.25,2,3.4,3.9,2,3.49,4,2.01,3.49,4.25,1.97,3.36,3.93,2.02,3.55,4.3,2.1,1.73,2.12,1.78,2.21,1.79,2.08,1.74,2.16,1.84,-0.5,1.98,1.88,2,1.91,2.01,1.93,1.97,1.85,2.02,1.97
SC0,30/10/2024,20:00,Aberdeen,Rangers,2,1,H,1,0,H,J Beaton,19,17,6,3,6,20,4,6,5,3,0,0,3.3,3.5,2.1,3.4,3.6,2,3.25,3.5,2.1,3.39,3.53,2.12,3.4,3.6,2.1,3.32,3.65,2.1,3.45,3.65,2.16,3.33,3.54,2.1,3.4,3.75,2.22,1.8,2,1.75,2.1,1.8,2.13,1.74,2.06,1.81,2.12,0.25,2.03,1.83,2.03,1.85,2.06,1.85,1.99,1.81,2.03,1.93,3.9,3.5,1.91,3.6,3.5,1.93,3.9,3.6,1.9,3.99,3.71,1.94,3.8,3.6,1.95,4.16,3.6,1.93,4.16,3.71,2,3.81,3.59,1.93,4.1,3.85,2,1.85,2,1.87,2.03,1.89,2.06,1.83,1.97,1.9,2.08,0.5,1.93,1.93,1.95,1.95,1.99,2,1.89,1.93,1.99,2
SC0,02/11/2024,15:00,St Johnstone,Hearts,1,2,A,0,1,A,C Graham,13,13,5,2,13,12,6,9,2,4,0,0,3.8,3.6,1.9,3.7,3.6,1.9,3.8,3.5,1.95,3.74,3.73,1.93,3.9,3.6,1.95,3.75,3.7,1.94,4.1,3.78,1.98,3.76,3.63,1.92,3.85,3.6,1.98,1.83,2.03,1.84,2.02,1.87,2.03,1.81,1.97,1.86,2.02,0.5,1.93,1.93,1.92,1.95,1.96,1.98,1.89,1.92,1.9,1.98,3.9,3.5,1.91,3.6,3.5,1.95,3.7,3.6,1.95,3.78,3.83,1.96,3.8,3.5,2,3.89,3.59,2,3.9,3.83,2.07,3.7,3.57,1.97,4,3.85,2.02,1.85,2,1.88,2.01,1.97,2.01,1.87,1.92,1.93,2.06,0.5,1.93,1.93,1.93,1.97,1.97,2.01,1.87,1.95,1.96,2.02
SC0,02/11/2024,15:00,St Mirren,Ross County,0,0,D,0,0,D,D Robertson,11,7,3,3,13,8,6,5,2,1,0,0,1.91,3.25,4.2,1.85,3.4,4.2,1.91,3.3,4.2,1.85,3.45,4.46,1.91,3.4,4.33,1.87,3.55,4.27,1.92,3.55,4.5,1.87,3.43,4.26,1.88,3.45,4.7,2.1,1.73,2.12,1.74,2.23,1.77,2.1,1.71,2.16,1.74,-0.5,1.85,2,1.87,2,1.92,2.04,1.86,1.95,1.88,2.07,1.7,3.5,5.5,1.7,3.5,5,1.73,3.5,5,1.74,3.67,5.3,1.73,3.5,5.5,1.73,3.57,5.6,1.89,3.76,5.6,1.73,3.55,5.06,1.75,3.8,5.9,2.2,1.67,2.2,1.72,2.32,1.76,2.15,1.69,2.26,1.76,-0.75,1.93,1.93,1.98,1.93,2.12,1.97,1.95,1.87,1.99,2
SC0,03/11/2024,15:00,Dundee,Kilmarnock,3,2,H,1,2,A,D McFarlane,17,15,5,4,16,8,7,1,2,1,0,0,2.3,3.6,2.8,2.25,3.5,2.87,2.3,3.4,2.88,2.31,3.43,3.08,2.38,3.5,2.9,2.3,3.55,2.98,2.38,3.6,3.12,2.29,3.45,2.95,2.34,3,2.94,1.8,2,1.79,2.04,1.83,2.04,1.78,2,1.74,2,-0.25,2.03,1.83,2,1.85,2.09,1.87,1.98,1.82,,,2.75,3.4,2.5,2.65,3.3,2.55,2.63,3.1,2.5,2.89,3.37,2.56,2.7,3.3,2.62,2.7,3.5,2.63,2.89,3.55,2.65,2.72,3.36,2.54,2.78,3.5,2.78,2,1.85,1.99,1.89,2.1,1.93,1.94,1.85,2.02,1.94,0,2.03,1.83,2.08,1.84,2.08,1.9,2,1.86,2.02,1.96
SC0,03/11/2024,15:00,Hibernian,Dundee United,1,1,D,1,0,H,C Steven,15,8,3,2,10,12,13,2,0,2,1,0,1.91,3.5,4,1.88,3.6,3.75,1.95,3.5,3.8,1.94,3.58,3.87,2,3.5,3.75,1.95,3.68,3.73,2.02,3.68,4.2,1.93,3.55,3.8,2,3.55,3.75,1.88,1.98,1.87,1.97,1.9,1.99,1.85,1.93,1.81,1.9,-0.5,1.95,1.9,1.95,1.9,2.02,1.98,1.92,1.88,,,1.8,3.6,4.5,1.78,3.6,4.33,1.73,3.5,4.33,1.81,3.69,4.68,1.8,3.6,4.6,1.83,3.72,4.5,1.84,3.72,4.7,1.79,3.62,4.42,1.88,3.75,4.8,2,1.85,1.98,1.9,2.02,1.95,1.92,1.87,2.02,1.94,-0.75,2.03,1.78,2.07,1.85,2.11,1.85,2.03,1.79,2.12,1.86
SC0,09/11/2024,15:00,Dundee United,Ross County,3,0,H,0,0,D,J Beaton,15,9,4,0,11,10,5,3,1,1,0,0,1.7,3.6,5,1.71,3.6,4.75,1.73,3.6,4.75,1.69,3.76,5.02,1.73,3.7,5,1.71,3.85,4.83,1.75,3.85,5.2,1.71,3.7,4.83,1.75,3.75,5.2,1.98,1.88,1.95,1.9,2,1.9,1.92,1.86,1.96,1.92,-0.75,1.93,1.93,1.92,1.95,1.99,1.95,1.91,1.89,2,1.97,1.8,3.4,4.75,1.8,3.4,4.4,1.75,3.4,4.75,1.82,3.55,4.89,1.83,3.4,4.75,1.84,3.48,4.86,1.84,3.56,4.9,1.81,3.45,4.62,1.85,3.6,5.3,2.1,1.73,2.14,1.77,2.21,1.81,2.1,1.72,2.22,1.8,-0.75,2.05,1.8,2.09,1.81,2.13,1.85,2.06,1.78,2.14,1.85
SC0,09/11/2024,15:00,Hibernian,St Mirren,1,2,A,0,2,A,I Snedden,12,15,2,5,11,13,5,5,2,2,0,0,1.85,3.4,4.5,1.82,3.6,4.1,1.8,3.5,4.33,1.83,3.56,4.39,1.85,3.6,4.33,1.83,3.7,4.24,1.88,3.7,4.5,1.84,3.54,4.27,1.87,3.55,4.9,2.03,1.83,1.99,1.86,2.07,1.89,1.97,1.82,2.04,1.86,-0.5,1.85,2,1.85,2.02,1.89,2.05,1.83,1.99,1.87,2.07,1.75,3.5,5,1.82,3.5,4.2,1.75,3.5,4.6,1.81,3.67,4.74,1.83,3.5,4.5,1.81,3.57,4.93,1.83,3.67,5,1.79,3.55,4.54,1.86,3.65,5.1,1.98,1.88,2.02,1.87,2.1,1.92,1.98,1.82,2.06,1.92,-0.75,2.03,1.83,2.07,1.85,2.11,1.86,2.02,1.81,2.12,1.86
SC0,09/11/2024,15:00,Motherwell,St Johnstone,2,1,H,2,0,H,R Hardie,15,12,4,4,14,10,3,3,1,0,0,0,1.85,3.7,3.9,1.87,3.5,3.9,1.85,3.5,4,1.9,3.69,3.93,1.91,3.6,4,1.91,3.68,3.88,1.93,3.75,4.2,1.89,3.62,3.91,1.93,3.75,4,1.9,1.95,1.89,1.96,1.94,1.98,1.88,1.9,1.84,1.96,-0.5,1.9,1.95,1.92,1.95,1.93,2,1.88,1.92,1.93,1.96,2.1,3.4,3.3,2.1,3.3,3.4,2,3.3,3.75,2.2,3.49,3.41,2.2,3.3,3.4,2.18,3.52,3.42,2.2,3.52,3.75,2.12,3.4,3.4,2.2,3.55,3.65,2.03,1.83,2.04,1.85,2.11,1.85,2,1.79,2.06,1.89,-0.25,1.88,1.98,1.91,2,1.93,2.05,1.85,1.98,1.91,2.07
SC0,09/11/2024,17:30,Aberdeen,Dundee,4,1,H,0,0,D,D Dickinson,18,13,8,5,12,16,7,4,3,1,0,0,1.62,3.9,5.25,1.66,3.9,4.6,1.6,4.2,5,1.61,4.1,5.31,1.65,4,5,1.64,4.15,5.05,1.7,4.2,5.31,1.64,4.04,4.91,1.64,4.2,5.4,1.73,2.1,1.72,2.17,1.77,2.19,1.7,2.11,1.78,2.12,-0.75,1.8,2.05,1.78,2.1,1.87,2.12,1.79,2.02,1.81,2.14,1.85,3.5,4.2,1.82,3.6,4.1,1.73,3.75,4.6,1.92,3.6,4.25,1.85,3.6,4.33,1.82,3.7,4.61,1.96,3.78,4.61,1.86,3.64,4.07,1.89,3.85,4.6,1.93,1.93,1.94,1.94,2,1.97,1.89,1.89,1.91,2.06,-0.5,1.88,1.98,1.93,1.98,1.93,2.06,1.84,1.98,1.89,2.11
SC0,10/11/2024,15:00,Kilmarnock,Celtic,0,2,A,0,1,A,N Walsh,18,10,6,6,14,10,6,4,3,3,0,0,8.5,5.25,1.3,8.25,5.25,1.32,9,5.5,1.25,8.94,5.69,1.3,9.5,5.5,1.33,8.7,5.55,1.32,9.5,5.7,1.33,8.6,5.44,1.3,3.95,6,1.32,1.5,2.63,1.5,2.59,1.52,2.63,1.48,2.54,1.5,2.68,1.5,1.98,1.88,1.98,1.88,1.99,1.95,1.93,1.87,1.97,1.88,10,5.75,1.25,10.5,5.75,1.26,11,6,1.22,11.21,6.19,1.26,11,5.5,1.29,11.3,6.25,1.27,11.3,6.4,1.29,10.41,5.93,1.26,14,6.8,1.27,1.53,2.5,1.54,2.57,1.56,2.75,1.5,2.54,1.52,2.84,1.75,1.88,1.98,1.88,2.01,1.92,2.02,1.85,1.97,1.94,2.01
SC0,10/11/2024,17:00,Rangers,Hearts,1,0,H,1,0,H,M MacDermid,20,5,3,0,8,9,9,6,2,3,0,0,1.4,4.5,7.5,1.4,4.8,6.75,1.36,4.75,7.5,1.39,4.97,7.24,1.4,4.75,8,1.41,4.95,7.1,1.43,5,8,1.39,4.81,7.03,1.4,5.7,8.6,1.57,2.38,1.56,2.45,1.61,2.47,1.55,2.36,1.57,2.46,-1.25,1.88,1.98,1.86,2,1.96,2,1.86,1.94,1.39,2.02,1.38,4.75,7.5,1.37,5,7.25,1.33,5,8.5,1.38,5.29,8.37,1.36,5,8.5,1.41,4.93,8.29,1.41,5.6,9,1.36,5.05,7.77,1.38,5.8,9.2,1.53,2.5,1.56,2.56,1.56,2.63,1.52,2.49,1.56,2.7,-1.25,1.83,2.03,1.83,2.08,1.85,2.15,1.79,2.05,1.84,2.14
